Product Name,Price,Date,Link
"HP OmniBook 5 OLED (Previously Pavilion), Snapdragon X Processor (16GB LPDDR5x, 512GB SSD) 2K, 14''/35.6cm, Win11, M365 Basic(1yr)* Office24, Silver, 1.35kg, he0014QU, Light-Weight, Next-Gen AI Laptop","75,490",2026-03-29,https://www.amazon.in/sspa/click?ie=UTF8&spc=MTo4NDQ3OTkzNzA5MDM1NTU5OjE3NzQ3NjAwMzg6c3BfYXRmOjMwMDY0NzIyOTgxOTkzMjo6MDo6&url=%2FHP-Previously-Snapdragon-Processor-Light-Weight%2Fdp%2FB0F8P4Y7VF%2Fref%3Dsr_1_1_sspa%3Fdib%3DeyJ2IjoiMSJ9.AKyQV9y2JFFWhBFv_pGD2-fwLqFMDquX7eM5fn0OsHQpcYbSo0dxRxkV96HsubWOsZfYfC9Ky-g-xS7lf6G2_2Fo_qA24Qn7lBs-5zsDHcYyHphyMEMb4ZqJTnsPaCLNT7SL9QIpPTRFOACUOkB4Tmoz83dZQIiwp8GwgSSefUOt_7dBHjj9AlN-jnUCrx1N2Uzyy0KiqTOVOFUcojWBQxuiYfWSMH_zvV8eCgvMNuM.1jE22-yxXexml034QiDb4jPinCVxkybqVxTI8ywBN_g%26dib_tag%3Dse%26keywords%3Dlaptop%26qid%3D1774760038%26sr%3D8-1-spons%26aref%3DXCvFJyYctD%26sp_csd%3Dd2lkZ2V0TmFtZT1zcF9hdGY%26psc%3D1&aref=XCvFJyYctD&sp_cr=ZAZ
"Dell 15, AMD Ryzen 7-7730U, 16GB DDR4, 512GB SSD, FHD, 15.6""/39.6cm, Windows 11, Microsoft Office Home 2024, Platinum Silver, 1.63Kg, [Dell 15], 120Hz 250nits, AMD Radeon Graphics,Thin & Light, Laptop","61,395",2026-03-29,https://www.amazon.in/sspa/click?ie=UTF8&spc=MTo4NDQ3OTkzNzA5MDM1NTU5OjE3NzQ3NjAwMzg6c3BfYXRmOjMwMDkzNDI0NzQ5MjAzMjo6MDo6&url=%2FDell-15-Platinum-Graphics-Standard%2Fdp%2FB0FDQ2R315%2Fref%3Dsr_1_2_sspa%3Fdib%3DeyJ2IjoiMSJ9.AKyQV9y2JFFWhBFv_pGD2-fwLqFMDquX7eM5fn0OsHQpcYbSo0dxRxkV96HsubWOsZfYfC9Ky-g-xS7lf6G2_2Fo_qA24Qn7lBs-5zsDHcYyHphyMEMb4ZqJTnsPaCLNT7SL9QIpPTRFOACUOkB4Tmoz83dZQIiwp8GwgSSefUOt_7dBHjj9AlN-jnUCrx1N2Uzyy0KiqTOVOFUcojWBQxuiYfWSMH_zvV8eCgvMNuM.1jE22-yxXexml034QiDb4jPinCVxkybqVxTI8ywBN_g%26dib_tag%3Dse%26keywords%3Dlaptop%26qid%3D1774760038%26sr%3D8-2-spons%26aref%3DydORVLTSpg%26sp_csd%3Dd2lkZ2V0TmFtZT1zcF9hdGY%26psc%3D1&aref=ydORVLTSpg&sp_cr=ZAZ
"HP 15, 13th Gen Intel Core i3-1315U, (8GB DDR4,512GB SSD) Anti-Glare, Micro-Edge, FHD,15.6''/39.6cm, Win11,M365 Basic(1yr),Office24, Silver,1.59kg, fd0572TU, FHD Camera w/Shutter, Backlit Laptop","44,990",2026-03-29,https://www.amazon.in/HP-i3-1315U-Anti-Glare-Micro-Edge-fd0572TU/dp/B0F4R6GXWJ/ref=sr_1_3?dib=eyJ2IjoiMSJ9.AKyQV9y2JFFWhBFv_pGD2-fwLqFMDquX7eM5fn0OsHQpcYbSo0dxRxkV96HsubWOsZfYfC9Ky-g-xS7lf6G2_2Fo_qA24Qn7lBs-5zsDHcYyHphyMEMb4ZqJTnsPaCLNT7SL9QIpPTRFOACUOkB4Tmoz83dZQIiwp8GwgSSefUOt_7dBHjj9AlN-jnUCrx1N2Uzyy0KiqTOVOFUcojWBQxuiYfWSMH_zvV8eCgvMNuM.1jE22-yxXexml034QiDb4jPinCVxkybqVxTI8ywBN_g&dib_tag=se&keywords=laptop&qid=1774760038&sr=8-3
"Dell 15 (Previously Inspiron), 13th Gen Intel Core i5-1334U (16GB RAM, 1TB SSD) FHD, Anti-Glare 15.6""/39.62cm, Windows 11 MSO'24, Silver, 1.62kg, 12 Month McAfee, Thin & Light, Backlit Keyboard Laptop","61,297",2026-03-29,https://www.amazon.in/Dell-Generation-i5-1334U-Processor-Keyboard/dp/B0DSFQZTVW/ref=sr_1_4?dib=eyJ2IjoiMSJ9.AKyQV9y2JFFWhBFv_pGD2-fwLqFMDquX7eM5fn0OsHQpcYbSo0dxRxkV96HsubWOsZfYfC9Ky-g-xS7lf6G2_2Fo_qA24Qn7lBs-5zsDHcYyHphyMEMb4ZqJTnsPaCLNT7SL9QIpPTRFOACUOkB4Tmoz83dZQIiwp8GwgSSefUOt_7dBHjj9AlN-jnUCrx1N2Uzyy0KiqTOVOFUcojWBQxuiYfWSMH_zvV8eCgvMNuM.1jE22-yxXexml034QiDb4jPinCVxkybqVxTI8ywBN_g&dib_tag=se&keywords=laptop&qid=1774760038&sr=8-4
"HP i5 Laptop, Intel 10-Core i5-1335U with Lifetime Microsoft Office, 16GB RAM 512GB SSD, Windows 11, Fast WiFi 6E, Numeric Keypad, Long Battery Life, Ethernet Port, Laptop for Business&Student","59,999",2026-03-29,https://www.amazon.in/HP-i5-1335U-Lifetime-Microsoft-Ethernet/dp/B0G3WWMTZT/ref=sr_1_5?dib=eyJ2IjoiMSJ9.AKyQV9y2JFFWhBFv_pGD2-fwLqFMDquX7eM5fn0OsHQpcYbSo0dxRxkV96HsubWOsZfYfC9Ky-g-xS7lf6G2_2Fo_qA24Qn7lBs-5zsDHcYyHphyMEMb4ZqJTnsPaCLNT7SL9QIpPTRFOACUOkB4Tmoz83dZQIiwp8GwgSSefUOt_7dBHjj9AlN-jnUCrx1N2Uzyy0KiqTOVOFUcojWBQxuiYfWSMH_zvV8eCgvMNuM.1jE22-yxXexml034QiDb4jPinCVxkybqVxTI8ywBN_g&dib_tag=se&keywords=laptop&qid=1774760038&sr=8-5
"ASUS Vivobook 15, Intel Core i7 13th Gen 13620H, 16GB RAM, 1TB SSD, FHD 15.6"", Windows 11, Office Home 2024, Cool Silver, 1.7Kg, X1502VA-BQ1299WS, Intel UHD GPU, 42Whr, M365 Basic (1Year)* Laptop","68,990",2026-03-29,https://www.amazon.in/ASUS-Vivobook-13620H-Windows-X1502VA-BQ1299WS/dp/B0FC2K5LJB/ref=sr_1_6?dib=eyJ2IjoiMSJ9.AKyQV9y2JFFWhBFv_pGD2-fwLqFMDquX7eM5fn0OsHQpcYbSo0dxRxkV96HsubWOsZfYfC9Ky-g-xS7lf6G2_2Fo_qA24Qn7lBs-5zsDHcYyHphyMEMb4ZqJTnsPaCLNT7SL9QIpPTRFOACUOkB4Tmoz83dZQIiwp8GwgSSefUOt_7dBHjj9AlN-jnUCrx1N2Uzyy0KiqTOVOFUcojWBQxuiYfWSMH_zvV8eCgvMNuM.1jE22-yxXexml034QiDb4jPinCVxkybqVxTI8ywBN_g&dib_tag=se&keywords=laptop&qid=1774760038&sr=8-6
"ASUS Vivobook Go 14, AMD Ryzen 5 7520U, 16GB RAM, 512GB SSD, FHD, 14"", 60Hz,42WHrs, Windows 11, M365 Basic (1Year)*,Office Home 2024, Mixed Black, 1.38 kg, E1404FA-EB774WS, Thin & Light Laptop","43,490",2026-03-29,https://www.amazon.in/ASUS-Vivobook-Windows-Backlit-E1404FA-NK5542WS/dp/B0FN9FV4ZZ/ref=sr_1_7?dib=eyJ2IjoiMSJ9.AKyQV9y2JFFWhBFv_pGD2-fwLqFMDquX7eM5fn0OsHQpcYbSo0dxRxkV96HsubWOsZfYfC9Ky-g-xS7lf6G2_2Fo_qA24Qn7lBs-5zsDHcYyHphyMEMb4ZqJTnsPaCLNT7SL9QIpPTRFOACUOkB4Tmoz83dZQIiwp8GwgSSefUOt_7dBHjj9AlN-jnUCrx1N2Uzyy0KiqTOVOFUcojWBQxuiYfWSMH_zvV8eCgvMNuM.1jE22-yxXexml034QiDb4jPinCVxkybqVxTI8ywBN_g&dib_tag=se&keywords=laptop&qid=1774760038&sr=8-7
"Lenovo IdeaPad Slim 3, 12th Gen Intel Core i5-12450H (16GB LPDDR5, 512GB SSD), Anti-glare, FHD 15.6""(39.6cm), Win 11, Office Home 2024, Arctic Grey, 1.62Kg, 83ER00MDIN, Thin & Light, Backlit KB Laptop","50,990",2026-03-29,https://www.amazon.in/Lenovo-IdeaPad-i5-12450H-Anti-glare-83ER00MDIN/dp/B0FH71SN5N/ref=sr_1_8?dib=eyJ2IjoiMSJ9.AKyQV9y2JFFWhBFv_pGD2-fwLqFMDquX7eM5fn0OsHQpcYbSo0dxRxkV96HsubWOsZfYfC9Ky-g-xS7lf6G2_2Fo_qA24Qn7lBs-5zsDHcYyHphyMEMb4ZqJTnsPaCLNT7SL9QIpPTRFOACUOkB4Tmoz83dZQIiwp8GwgSSefUOt_7dBHjj9AlN-jnUCrx1N2Uzyy0KiqTOVOFUcojWBQxuiYfWSMH_zvV8eCgvMNuM.1jE22-yxXexml034QiDb4jPinCVxkybqVxTI8ywBN_g&dib_tag=se&keywords=laptop&qid=1774760038&sr=8-8
"HP Elite x360 1040 G11 14"" Touchscreen Convertible 2 in 1 Notebook - WUXGA - Intel Core Ultra 7 155H - vPro Technology - 32 GB - 512 GB SSD - English Keyboard - Intel Chip - 1920 x 1200 - Windows 11 P","1,45,990",2026-03-29,https://www.amazon.in/HP-Elite-Touchscreen-Convertible-Notebook/dp/B0DBRHS1ZZ/ref=sr_1_9?dib=eyJ2IjoiMSJ9.AKyQV9y2JFFWhBFv_pGD2-fwLqFMDquX7eM5fn0OsHQpcYbSo0dxRxkV96HsubWOsZfYfC9Ky-g-xS7lf6G2_2Fo_qA24Qn7lBs-5zsDHcYyHphyMEMb4ZqJTnsPaCLNT7SL9QIpPTRFOACUOkB4Tmoz83dZQIiwp8GwgSSefUOt_7dBHjj9AlN-jnUCrx1N2Uzyy0KiqTOVOFUcojWBQxuiYfWSMH_zvV8eCgvMNuM.1jE22-yxXexml034QiDb4jPinCVxkybqVxTI8ywBN_g&dib_tag=se&keywords=laptop&qid=1774760038&sr=8-9
"acer Aspire 3, Intel Pentium N6000, 12GB LPDDR4X RAM, 512GB SSD, HD, 15.6""/39.62cm, Windows 11 Home, Pure Silver, 1.5KG, A325-45, Thin and Light Laptop","35,499",2026-03-29,https://www.amazon.in/acer-Pentium-LPDDR4X-39-62cm-A325-45/dp/B0GLXWY8ZX/ref=sr_1_10?dib=eyJ2IjoiMSJ9.AKyQV9y2JFFWhBFv_pGD2-fwLqFMDquX7eM5fn0OsHQpcYbSo0dxRxkV96HsubWOsZfYfC9Ky-g-xS7lf6G2_2Fo_qA24Qn7lBs-5zsDHcYyHphyMEMb4ZqJTnsPaCLNT7SL9QIpPTRFOACUOkB4Tmoz83dZQIiwp8GwgSSefUOt_7dBHjj9AlN-jnUCrx1N2Uzyy0KiqTOVOFUcojWBQxuiYfWSMH_zvV8eCgvMNuM.1jE22-yxXexml034QiDb4jPinCVxkybqVxTI8ywBN_g&dib_tag=se&keywords=laptop&qid=1774760038&sr=8-10
"Dell G15, 13th Gen Intel Core i5-13450HX Processor, NVIDIA RTX 3050-6GB, (16GB RAM 1TB SSD) FHD 15.6""/39.62 cm, Orange Backlit Keyboard, Win 11, MS Office'24, Dark Shadow Grey, 2.65Kg Gaming Laptop","78,990",2026-03-29,https://www.amazon.in/sspa/click?ie=UTF8&spc=MTo4NDQ3OTkzNzA5MDM1NTU5OjE3NzQ3NjAwMzg6c3BfbXRmOjMwMDg0MzA1MTM4NDkzMjo6MDo6&url=%2FDell-Smartchoice-G15-5530-Gaming-i5-13450HX%2Fdp%2FB0CRKXDX83%2Fref%3Dsr_1_11_sspa%3Fdib%3DeyJ2IjoiMSJ9.AKyQV9y2JFFWhBFv_pGD2-fwLqFMDquX7eM5fn0OsHQpcYbSo0dxRxkV96HsubWOsZfYfC9Ky-g-xS7lf6G2_2Fo_qA24Qn7lBs-5zsDHcYyHphyMEMb4ZqJTnsPaCLNT7SL9QIpPTRFOACUOkB4Tmoz83dZQIiwp8GwgSSefUOt_7dBHjj9AlN-jnUCrx1N2Uzyy0KiqTOVOFUcojWBQxuiYfWSMH_zvV8eCgvMNuM.1jE22-yxXexml034QiDb4jPinCVxkybqVxTI8ywBN_g%26dib_tag%3Dse%26keywords%3Dlaptop%26qid%3D1774760038%26sr%3D8-11-spons%26aref%3DQaSJlpyapa%26sp_csd%3Dd2lkZ2V0TmFtZT1zcF9tdGY%26psc%3D1&aref=QaSJlpyapa&sp_cr=ZAZ
"Dell 15 (Previously Inspiron) Laptop, 14th Gen Intel Core 3 100U Processor, 8GB DDR4, 512 SSD, 15.6"" NT FHD 120Hz IPS AG 250 nit Display, Win 11 + Office H&S 2024, Carbon Black, Thin & Light- 1.63Kg","48,500",2026-03-29,https://www.amazon.in/sspa/click?ie=UTF8&spc=MTo4NDQ3OTkzNzA5MDM1NTU5OjE3NzQ3NjAwMzg6c3BfbXRmOjMwMDg0MTMyMDQzMjAzMjo6MDo6&url=%2FDell-Previously-Inspiron-Processor-Display%2Fdp%2FB0BQJ68HHC%2Fref%3Dsr_1_12_sspa%3Fdib%3DeyJ2IjoiMSJ9.AKyQV9y2JFFWhBFv_pGD2-fwLqFMDquX7eM5fn0OsHQpcYbSo0dxRxkV96HsubWOsZfYfC9Ky-g-xS7lf6G2_2Fo_qA24Qn7lBs-5zsDHcYyHphyMEMb4ZqJTnsPaCLNT7SL9QIpPTRFOACUOkB4Tmoz83dZQIiwp8GwgSSefUOt_7dBHjj9AlN-jnUCrx1N2Uzyy0KiqTOVOFUcojWBQxuiYfWSMH_zvV8eCgvMNuM.1jE22-yxXexml034QiDb4jPinCVxkybqVxTI8ywBN_g%26dib_tag%3Dse%26keywords%3Dlaptop%26qid%3D1774760038%26sr%3D8-12-spons%26aref%3DDQkCYWuCEn%26sp_csd%3Dd2lkZ2V0TmFtZT1zcF9tdGY%26psc%3D1&aref=DQkCYWuCEn&sp_cr=ZAZ
"HP Business 250R G10 (2025) Thin & Light Laptop with Intel Core 3 14th Gen 100U, 16GB RAM, 512GB SSD, 15.6″ IPS Display, Copilot Key, Windows 11 Pro & MS Office 2024, Turbo Silver (1.5 kg)","49,999",2026-03-29,https://www.amazon.in/HP-Business-Display-Copilot-Windows/dp/B0FY638QT9/ref=sr_1_13?dib=eyJ2IjoiMSJ9.AKyQV9y2JFFWhBFv_pGD2-fwLqFMDquX7eM5fn0OsHQpcYbSo0dxRxkV96HsubWOsZfYfC9Ky-g-xS7lf6G2_2Fo_qA24Qn7lBs-5zsDHcYyHphyMEMb4ZqJTnsPaCLNT7SL9QIpPTRFOACUOkB4Tmoz83dZQIiwp8GwgSSefUOt_7dBHjj9AlN-jnUCrx1N2Uzyy0KiqTOVOFUcojWBQxuiYfWSMH_zvV8eCgvMNuM.1jE22-yxXexml034QiDb4jPinCVxkybqVxTI8ywBN_g&dib_tag=se&keywords=laptop&qid=1774760038&sr=8-13
"HP 15 255R G10, AMD Ryzen 5 7535U Hexa Core (6 Core, 12 Threads, 2.9 to Max 4.3 Ghz) (8 GB/512 GB SSD/AMD Radeon Graphics/Windows 11) Thin and Light Laptop(15.6 inch HD Display, Matt Silver, 1.45 kg","41,209",2026-03-29,https://www.amazon.in/HP-G10-Threads-Graphics-Windows/dp/B0G7YY5JV5/ref=sr_1_14?dib=eyJ2IjoiMSJ9.AKyQV9y2JFFWhBFv_pGD2-fwLqFMDquX7eM5fn0OsHQpcYbSo0dxRxkV96HsubWOsZfYfC9Ky-g-xS7lf6G2_2Fo_qA24Qn7lBs-5zsDHcYyHphyMEMb4ZqJTnsPaCLNT7SL9QIpPTRFOACUOkB4Tmoz83dZQIiwp8GwgSSefUOt_7dBHjj9AlN-jnUCrx1N2Uzyy0KiqTOVOFUcojWBQxuiYfWSMH_zvV8eCgvMNuM.1jE22-yxXexml034QiDb4jPinCVxkybqVxTI8ywBN_g&dib_tag=se&keywords=laptop&qid=1774760038&sr=8-14
"Dell G15, 13th Gen Intel Core i5-13450HX Processor, NVIDIA RTX 3050-6GB, (16GB RAM 1TB SSD) FHD 15.6""/39.62 cm, Orange Backlit Keyboard, Win 11, MS Office'24, Dark Shadow Grey, 2.65Kg Gaming Laptop","78,990",2026-03-29,https://www.amazon.in/Dell-Smartchoice-G15-5530-Gaming-i5-13450HX/dp/B0CRKXDX83/ref=sr_1_15?dib=eyJ2IjoiMSJ9.AKyQV9y2JFFWhBFv_pGD2-fwLqFMDquX7eM5fn0OsHQpcYbSo0dxRxkV96HsubWOsZfYfC9Ky-g-xS7lf6G2_2Fo_qA24Qn7lBs-5zsDHcYyHphyMEMb4ZqJTnsPaCLNT7SL9QIpPTRFOACUOkB4Tmoz83dZQIiwp8GwgSSefUOt_7dBHjj9AlN-jnUCrx1N2Uzyy0KiqTOVOFUcojWBQxuiYfWSMH_zvV8eCgvMNuM.1jE22-yxXexml034QiDb4jPinCVxkybqVxTI8ywBN_g&dib_tag=se&keywords=laptop&qid=1774760038&sr=8-15
"ASUS Chromebook CX1405 (2026), Intel N50 Processor, Intel UHD iGPU, 8GB RAM, 128GB SSD, FHD, 14"" (35.5 cm), Chrome OS, Pure Grey, 1.39 Kg, CX1405CTA-S60622, 42WHrs, Thin & Light Laptop","27,490",2026-03-29,https://www.amazon.in/ASUS-Chromebook-CX1405-Processor-CX1405CTA-S60622/dp/B0GN2Y3T6M/ref=sr_1_16?dib=eyJ2IjoiMSJ9.AKyQV9y2JFFWhBFv_pGD2-fwLqFMDquX7eM5fn0OsHQpcYbSo0dxRxkV96HsubWOsZfYfC9Ky-g-xS7lf6G2_2Fo_qA24Qn7lBs-5zsDHcYyHphyMEMb4ZqJTnsPaCLNT7SL9QIpPTRFOACUOkB4Tmoz83dZQIiwp8GwgSSefUOt_7dBHjj9AlN-jnUCrx1N2Uzyy0KiqTOVOFUcojWBQxuiYfWSMH_zvV8eCgvMNuM.1jE22-yxXexml034QiDb4jPinCVxkybqVxTI8ywBN_g&dib_tag=se&keywords=laptop&qid=1774760038&sr=8-16
"ASUS Vivobook Go 14 (2023) Thin & Light Laptop,AMD Ryzen 5 7520U, 14-inch (35.56 cm) FHD, (8GB RAM/512GB SSD/Windows 11/Office 2021/Alexa Built-in/Silver/1.38 kg), E1404FA-NK521WS","38,790",2026-03-29,https://www.amazon.in/ASUS-Vivobook-14-inch-Windows-E1404FA-NK521WS/dp/B0BVMM9CW5/ref=sr_1_17?dib=eyJ2IjoiMSJ9.AKyQV9y2JFFWhBFv_pGD2-fwLqFMDquX7eM5fn0OsHQpcYbSo0dxRxkV96HsubWOsZfYfC9Ky-g-xS7lf6G2_2Fo_qA24Qn7lBs-5zsDHcYyHphyMEMb4ZqJTnsPaCLNT7SL9QIpPTRFOACUOkB4Tmoz83dZQIiwp8GwgSSefUOt_7dBHjj9AlN-jnUCrx1N2Uzyy0KiqTOVOFUcojWBQxuiYfWSMH_zvV8eCgvMNuM.1jE22-yxXexml034QiDb4jPinCVxkybqVxTI8ywBN_g&dib_tag=se&keywords=laptop&qid=1774760038&sr=8-17
"Lenovo V15 G4 AMD Ryzen 5 7520U 15.6 inch FHD Laptop, AMD Graphics, 16GB DDR5 5500Mhz Ram, 512GB SSD NVMe, Windows 11, Dolby Audio, Arctic Grey, 1 Year Onsite Brand Warranty","44,550",2026-03-29,https://www.amazon.in/Lenovo-Graphics-5500Mhz-Windows-Warranty/dp/B0F29HNJL1/ref=sr_1_18?dib=eyJ2IjoiMSJ9.AKyQV9y2JFFWhBFv_pGD2-fwLqFMDquX7eM5fn0OsHQpcYbSo0dxRxkV96HsubWOsZfYfC9Ky-g-xS7lf6G2_2Fo_qA24Qn7lBs-5zsDHcYyHphyMEMb4ZqJTnsPaCLNT7SL9QIpPTRFOACUOkB4Tmoz83dZQIiwp8GwgSSefUOt_7dBHjj9AlN-jnUCrx1N2Uzyy0KiqTOVOFUcojWBQxuiYfWSMH_zvV8eCgvMNuM.1jE22-yxXexml034QiDb4jPinCVxkybqVxTI8ywBN_g&dib_tag=se&keywords=laptop&qid=1774760038&sr=8-18
"HP 15 Laptop, AMD Ryzen 5 7520U (16GB DDR5,512GB SSD) Win11,M365 Basic(1yr)*Office Home24, Anti-Glare,15.6''/39.6cm,FHD,Backlit KB,FHD Camera w/Privacy Shutter,Radeon Graphics, Silver,1.59kg FC0690AU","49,990",2026-03-29,https://www.amazon.in/HP-15-6-inch-Graphics-Privacy-fc0031AU/dp/B0C3D8BZVQ/ref=sr_1_19?dib=eyJ2IjoiMSJ9.AKyQV9y2JFFWhBFv_pGD2-fwLqFMDquX7eM5fn0OsHQpcYbSo0dxRxkV96HsubWOsZfYfC9Ky-g-xS7lf6G2_2Fo_qA24Qn7lBs-5zsDHcYyHphyMEMb4ZqJTnsPaCLNT7SL9QIpPTRFOACUOkB4Tmoz83dZQIiwp8GwgSSefUOt_7dBHjj9AlN-jnUCrx1N2Uzyy0KiqTOVOFUcojWBQxuiYfWSMH_zvV8eCgvMNuM.1jE22-yxXexml034QiDb4jPinCVxkybqVxTI8ywBN_g&dib_tag=se&keywords=laptop&qid=1774760038&sr=8-19
"HP 15, Intel Core Ultra 5 125H (16GB DDR5, 1TB SSD) FHD, IPS, 15.6''/39.6cm, Win11, M365 Basic(1yr)*Office24, Silver, 1.65kg, fd1354TU, Intel Arc Graphics, FHD Camera w/Shutter, AI Powered Laptop","75,990",2026-03-29,https://www.amazon.in/HP-Office24-fd1354TU-Graphics-Shutter/dp/B0F5B1N9SJ/ref=sr_1_20?dib=eyJ2IjoiMSJ9.AKyQV9y2JFFWhBFv_pGD2-fwLqFMDquX7eM5fn0OsHQpcYbSo0dxRxkV96HsubWOsZfYfC9Ky-g-xS7lf6G2_2Fo_qA24Qn7lBs-5zsDHcYyHphyMEMb4ZqJTnsPaCLNT7SL9QIpPTRFOACUOkB4Tmoz83dZQIiwp8GwgSSefUOt_7dBHjj9AlN-jnUCrx1N2Uzyy0KiqTOVOFUcojWBQxuiYfWSMH_zvV8eCgvMNuM.1jE22-yxXexml034QiDb4jPinCVxkybqVxTI8ywBN_g&dib_tag=se&keywords=laptop&qid=1774760038&sr=8-20
"Dell 15, 13th Gen Intel Core i5-1334U (16GB DDR4, 512GB SSD) Anti-Glare FHD 15.6""/39.62cm, Windows 11, Microsoft Office Home 2024, Grey, 1.66kg, [Vostro 3530], 12 Month McAfee, Thin & Light Laptop","57,500",2026-03-29,https://www.amazon.in/sspa/click?ie=UTF8&spc=MTo4NDQ3OTkzNzA5MDM1NTU5OjE3NzQ3NjAwMzg6c3BfYnRmOjMwMDc2NDAzNjQxODIzMjo6MDo6&url=%2FDell-i5-1334U-Anti-Glare-Vostro-3530%2Fdp%2FB0D2Y1BLDT%2Fref%3Dsr_1_21_sspa%3Fdib%3DeyJ2IjoiMSJ9.AKyQV9y2JFFWhBFv_pGD2-fwLqFMDquX7eM5fn0OsHQpcYbSo0dxRxkV96HsubWOsZfYfC9Ky-g-xS7lf6G2_2Fo_qA24Qn7lBs-5zsDHcYyHphyMEMb4ZqJTnsPaCLNT7SL9QIpPTRFOACUOkB4Tmoz83dZQIiwp8GwgSSefUOt_7dBHjj9AlN-jnUCrx1N2Uzyy0KiqTOVOFUcojWBQxuiYfWSMH_zvV8eCgvMNuM.1jE22-yxXexml034QiDb4jPinCVxkybqVxTI8ywBN_g%26dib_tag%3Dse%26keywords%3Dlaptop%26qid%3D1774760038%26sr%3D8-21-spons%26aref%3D2wLeEr8099%26sp_csd%3Dd2lkZ2V0TmFtZT1zcF9idGY%26psc%3D1&aref=2wLeEr8099&sp_cr=ZAZ
"Dell 15, Intel Core 3 14th Gen-100U, 16GB DDR4, 512GB SSD, FHD IPS, 15.6""/39.62cm, Windows 11, Microsoft Office Home 2024, Carbon Black, 1.63Kg, Thin & Light, Laptop Model NO - Dell 15 DCU5250","47,074",2026-03-29,https://www.amazon.in/sspa/click?ie=UTF8&spc=MTo4NDQ3OTkzNzA5MDM1NTU5OjE3NzQ3NjAwMzg6c3BfYnRmOjMwMDgwNDc1OTM5ODIzMjo6MDo6&url=%2FDell-15-Processor-Graphics-Display%2Fdp%2FB0FDWH5WTL%2Fref%3Dsr_1_22_sspa%3Fdib%3DeyJ2IjoiMSJ9.AKyQV9y2JFFWhBFv_pGD2-fwLqFMDquX7eM5fn0OsHQpcYbSo0dxRxkV96HsubWOsZfYfC9Ky-g-xS7lf6G2_2Fo_qA24Qn7lBs-5zsDHcYyHphyMEMb4ZqJTnsPaCLNT7SL9QIpPTRFOACUOkB4Tmoz83dZQIiwp8GwgSSefUOt_7dBHjj9AlN-jnUCrx1N2Uzyy0KiqTOVOFUcojWBQxuiYfWSMH_zvV8eCgvMNuM.1jE22-yxXexml034QiDb4jPinCVxkybqVxTI8ywBN_g%26dib_tag%3Dse%26keywords%3Dlaptop%26qid%3D1774760038%26sr%3D8-22-spons%26aref%3D6eEamWjoqX%26sp_csd%3Dd2lkZ2V0TmFtZT1zcF9idGY%26psc%3D1&aref=6eEamWjoqX&sp_cr=ZAZ
"Dell 15 (Previously Inspiron) Laptop, 14th Gen Intel Core 3 100U Processor, 8GB DDR4, 512 SSD, 15.6"" NT FHD 120Hz IPS AG 250 nit Display, Win 11 + Office H&S 2024, Carbon Black, Thin & Light- 1.63Kg","48,500",2026-03-29,https://www.amazon.in/sspa/click?ie=UTF8&spc=MTo1NzAxNDI1MTA2MzUwMDY0OjE3NzQ3NjAwNTE6c3BfYXRmX25leHQ6MzAwODQxMzIwNDMyMDMyOjowOjo&url=%2FDell-Previously-Inspiron-Processor-Display%2Fdp%2FB0BQJ68HHC%2Fref%3Dsr_1_17_sspa%3Fdib%3DeyJ2IjoiMSJ9.eCVGeule0kN3k-qn-DHmEMrijb0738rlAXEbQ9bS_-vq6lTYQDvq57__tHUhJI0J4I5Xo5Zfa7VEN6Qir23vahQBOw1Gzkke0pT9oBqT3OISmdZGMcmK7SEc9PpdKRXLezUN39I1sgONugbAqIKpr3tJBy2j4GtURssGNLVydtvcm2Zysp_uT4UKsNzkZyaoLizjwj3ZHiVxUfVGtFpH9XbtZjs3q0zVE7Tu85_dG3A.PbcQARyGiE0KL00iw5VE7Gtg1C0yO7nQVf9gtVpiOQk%26dib_tag%3Dse%26keywords%3Dlaptop%26qid%3D1774760051%26sr%3D8-17-spons%26aref%3DDQkCYWuCEn%26sp_csd%3Dd2lkZ2V0TmFtZT1zcF9hdGZfbmV4dA%26psc%3D1&aref=DQkCYWuCEn&sp_cr=ZAZ
"Dell G15, 13th Gen Intel Core i5-13450HX Processor, NVIDIA RTX 3050-6GB, (16GB RAM 1TB SSD) FHD 15.6""/39.62 cm, Orange Backlit Keyboard, Win 11, MS Office'24, Dark Shadow Grey, 2.65Kg Gaming Laptop","78,990",2026-03-29,https://www.amazon.in/sspa/click?ie=UTF8&spc=MTo1NzAxNDI1MTA2MzUwMDY0OjE3NzQ3NjAwNTE6c3BfYXRmX25leHQ6MzAwODQzMDUxMzg0OTMyOjowOjo&url=%2FDell-Smartchoice-G15-5530-Gaming-i5-13450HX%2Fdp%2FB0CRKXDX83%2Fref%3Dsr_1_18_sspa%3Fdib%3DeyJ2IjoiMSJ9.eCVGeule0kN3k-qn-DHmEMrijb0738rlAXEbQ9bS_-vq6lTYQDvq57__tHUhJI0J4I5Xo5Zfa7VEN6Qir23vahQBOw1Gzkke0pT9oBqT3OISmdZGMcmK7SEc9PpdKRXLezUN39I1sgONugbAqIKpr3tJBy2j4GtURssGNLVydtvcm2Zysp_uT4UKsNzkZyaoLizjwj3ZHiVxUfVGtFpH9XbtZjs3q0zVE7Tu85_dG3A.PbcQARyGiE0KL00iw5VE7Gtg1C0yO7nQVf9gtVpiOQk%26dib_tag%3Dse%26keywords%3Dlaptop%26qid%3D1774760051%26sr%3D8-18-spons%26aref%3DQaSJlpyapa%26sp_csd%3Dd2lkZ2V0TmFtZT1zcF9hdGZfbmV4dA%26psc%3D1&aref=QaSJlpyapa&sp_cr=ZAZ
"HP Professional 14 (2026), Intel Core i3 13th Gen 1315U - (8 GB/512 GB SSD/Intel Graphics/Windows 11 Pro) Thin and Light Business Laptop/14.0"" HD Display/Turbo Silver/1.4 Kg/MSO 2024","42,490",2026-03-29,https://www.amazon.in/HP-Premium-Laptop-Display-Windows/dp/B0FKT4GX13/ref=sr_1_19?dib=eyJ2IjoiMSJ9.eCVGeule0kN3k-qn-DHmEMrijb0738rlAXEbQ9bS_-vq6lTYQDvq57__tHUhJI0J4I5Xo5Zfa7VEN6Qir23vahQBOw1Gzkke0pT9oBqT3OISmdZGMcmK7SEc9PpdKRXLezUN39I1sgONugbAqIKpr3tJBy2j4GtURssGNLVydtvcm2Zysp_uT4UKsNzkZyaoLizjwj3ZHiVxUfVGtFpH9XbtZjs3q0zVE7Tu85_dG3A.PbcQARyGiE0KL00iw5VE7Gtg1C0yO7nQVf9gtVpiOQk&dib_tag=se&keywords=laptop&qid=1774760051&sr=8-19
"acer Professional 14, AMD Ryzen 3-7330U, 8 GB RAM, 512 GB SSD, Full HD 14"", Windows 11 Pro, MSO21, Pro Silver, 1.39 KG, Professional Premium Laptop, Travel Lite","37,990",2026-03-29,https://www.amazon.in/acer-Professional-3-7330U-Graphics-TL14-42M/dp/B0FG3C3RQ9/ref=sr_1_20?dib=eyJ2IjoiMSJ9.eCVGeule0kN3k-qn-DHmEMrijb0738rlAXEbQ9bS_-vq6lTYQDvq57__tHUhJI0J4I5Xo5Zfa7VEN6Qir23vahQBOw1Gzkke0pT9oBqT3OISmdZGMcmK7SEc9PpdKRXLezUN39I1sgONugbAqIKpr3tJBy2j4GtURssGNLVydtvcm2Zysp_uT4UKsNzkZyaoLizjwj3ZHiVxUfVGtFpH9XbtZjs3q0zVE7Tu85_dG3A.PbcQARyGiE0KL00iw5VE7Gtg1C0yO7nQVf9gtVpiOQk&dib_tag=se&keywords=laptop&qid=1774760051&sr=8-20
"HP Smartchoice Victus, 13th Gen Intel Core i7-13620H, 8GB RTX 5050, 24GB DDR5(Upgradeable) 1TB SSD, 144Hz, FHD, 15.6''/39.6cm, Win11, M365* Office24, Mica Silver, 2.29kg, fa2309TX, RGB Gaming Laptop","1,09,990",2026-03-29,https://www.amazon.in/HP-Smartchoice-i7-13620H-Upgradeable-Office24/dp/B0FDKPZHB7/ref=sr_1_21?dib=eyJ2IjoiMSJ9.eCVGeule0kN3k-qn-DHmEMrijb0738rlAXEbQ9bS_-vq6lTYQDvq57__tHUhJI0J4I5Xo5Zfa7VEN6Qir23vahQBOw1Gzkke0pT9oBqT3OISmdZGMcmK7SEc9PpdKRXLezUN39I1sgONugbAqIKpr3tJBy2j4GtURssGNLVydtvcm2Zysp_uT4UKsNzkZyaoLizjwj3ZHiVxUfVGtFpH9XbtZjs3q0zVE7Tu85_dG3A.PbcQARyGiE0KL00iw5VE7Gtg1C0yO7nQVf9gtVpiOQk&dib_tag=se&keywords=laptop&qid=1774760051&sr=8-21
"acer Aspire Lite 12th Gen Intel Core i5-12450H, Office 2024 + M365 Basic, 16GB RAM/512GB SSD, 39.62cm(15.6"") FHD IPS Display Win11H, Pure Silver, 1.7KG,AL15-52H, Backlit KB, Thin & Light Laptop","51,990",2026-03-29,https://www.amazon.in/Acer-i5-12450H-Windows11Home-AL15-52H-Keyboard/dp/B0DDL495SX/ref=sr_1_22?dib=eyJ2IjoiMSJ9.eCVGeule0kN3k-qn-DHmEMrijb0738rlAXEbQ9bS_-vq6lTYQDvq57__tHUhJI0J4I5Xo5Zfa7VEN6Qir23vahQBOw1Gzkke0pT9oBqT3OISmdZGMcmK7SEc9PpdKRXLezUN39I1sgONugbAqIKpr3tJBy2j4GtURssGNLVydtvcm2Zysp_uT4UKsNzkZyaoLizjwj3ZHiVxUfVGtFpH9XbtZjs3q0zVE7Tu85_dG3A.PbcQARyGiE0KL00iw5VE7Gtg1C0yO7nQVf9gtVpiOQk&dib_tag=se&keywords=laptop&qid=1774760051&sr=8-22
"HP 255 G10 Laptop for Home or Work, 16GB RAM DDR5, 512GB SSD, 15.6"" Full HD, Ryzen 3 7335U (Beats Intel i5-1135G7), HDMI, USB-C, Windows 11","51,299",2026-03-29,https://www.amazon.in/HP-255-Laptop-i5-1135G7-Windows/dp/B0FDBLR2HT/ref=sr_1_23?dib=eyJ2IjoiMSJ9.eCVGeule0kN3k-qn-DHmEMrijb0738rlAXEbQ9bS_-vq6lTYQDvq57__tHUhJI0J4I5Xo5Zfa7VEN6Qir23vahQBOw1Gzkke0pT9oBqT3OISmdZGMcmK7SEc9PpdKRXLezUN39I1sgONugbAqIKpr3tJBy2j4GtURssGNLVydtvcm2Zysp_uT4UKsNzkZyaoLizjwj3ZHiVxUfVGtFpH9XbtZjs3q0zVE7Tu85_dG3A.PbcQARyGiE0KL00iw5VE7Gtg1C0yO7nQVf9gtVpiOQk&dib_tag=se&keywords=laptop&qid=1774760051&sr=8-23
"acer [SmartChoice Aspire 3 Laptop Intel Core Celeron N4500 Processor Laptop (8 GB LPDDR4X SDRAM/256 GB SSD/Win11 Home/38 WHR/HD Webcam) A325-45 with 39.63 cm (15.6"") HD Display, Pure Silver, 1.5 KG","32,990",2026-03-29,https://www.amazon.in/Acer-Celeron-Processor-LPDDR4X-A325-45/dp/B0D7PTFFZH/ref=sr_1_24?dib=eyJ2IjoiMSJ9.eCVGeule0kN3k-qn-DHmEMrijb0738rlAXEbQ9bS_-vq6lTYQDvq57__tHUhJI0J4I5Xo5Zfa7VEN6Qir23vahQBOw1Gzkke0pT9oBqT3OISmdZGMcmK7SEc9PpdKRXLezUN39I1sgONugbAqIKpr3tJBy2j4GtURssGNLVydtvcm2Zysp_uT4UKsNzkZyaoLizjwj3ZHiVxUfVGtFpH9XbtZjs3q0zVE7Tu85_dG3A.PbcQARyGiE0KL00iw5VE7Gtg1C0yO7nQVf9gtVpiOQk&dib_tag=se&keywords=laptop&qid=1774760051&sr=8-24
"Lenovo IdeaPad Slim 3, AMD Ryzen 7 8840HS, 24GB RAM, 1TB SSD, WUXGA IPS, AI PC, 15.3""/38.8cm, Backlit Keyboard, Windows 11, Office Home 2024, Grey, 1.6Kg, 1Yr ADP Free, 83KA004TIN, AI Powered Laptop","69,990",2026-03-29,https://www.amazon.in/Lenovo-IdeaPad-Windows-Keyboard-83KA004TIN/dp/B0FCYB67QJ/ref=sr_1_25?dib=eyJ2IjoiMSJ9.eCVGeule0kN3k-qn-DHmEMrijb0738rlAXEbQ9bS_-vq6lTYQDvq57__tHUhJI0J4I5Xo5Zfa7VEN6Qir23vahQBOw1Gzkke0pT9oBqT3OISmdZGMcmK7SEc9PpdKRXLezUN39I1sgONugbAqIKpr3tJBy2j4GtURssGNLVydtvcm2Zysp_uT4UKsNzkZyaoLizjwj3ZHiVxUfVGtFpH9XbtZjs3q0zVE7Tu85_dG3A.PbcQARyGiE0KL00iw5VE7Gtg1C0yO7nQVf9gtVpiOQk&dib_tag=se&keywords=laptop&qid=1774760051&sr=8-25
"EBook 11.6"" HD Laptop | Best Student & Office Work Laptop | Celeron N4020 | 4GB DDR4 | 128GB eMMC + M.2 SSD Expandable Slot | Win 11 Home |31Wh Battery | UHD Graphics 600 | Black","10,990",2026-03-29,https://www.amazon.in/Neopticon-Student-Celeron-Expandable-Graphics/dp/B0G2MT8YVV/ref=sr_1_26?dib=eyJ2IjoiMSJ9.eCVGeule0kN3k-qn-DHmEMrijb0738rlAXEbQ9bS_-vq6lTYQDvq57__tHUhJI0J4I5Xo5Zfa7VEN6Qir23vahQBOw1Gzkke0pT9oBqT3OISmdZGMcmK7SEc9PpdKRXLezUN39I1sgONugbAqIKpr3tJBy2j4GtURssGNLVydtvcm2Zysp_uT4UKsNzkZyaoLizjwj3ZHiVxUfVGtFpH9XbtZjs3q0zVE7Tu85_dG3A.PbcQARyGiE0KL00iw5VE7Gtg1C0yO7nQVf9gtVpiOQk&dib_tag=se&keywords=laptop&qid=1774760051&sr=8-26
"Dell 15, 13th Gen Intel Core i5-1334U (16GB DDR4, 512GB SSD) Anti-Glare FHD 15.6""/39.62cm, Windows 11, Microsoft Office Home 2024, Grey, 1.66kg, [Vostro 3530], 12 Month McAfee, Thin & Light Laptop","57,500",2026-03-29,https://www.amazon.in/sspa/click?ie=UTF8&spc=MTo1NzAxNDI1MTA2MzUwMDY0OjE3NzQ3NjAwNTE6c3BfbXRmOjMwMDc2NDAzNjQxODIzMjo6MDo6&url=%2FDell-i5-1334U-Anti-Glare-Vostro-3530%2Fdp%2FB0D2Y1BLDT%2Fref%3Dsr_1_27_sspa%3Fdib%3DeyJ2IjoiMSJ9.eCVGeule0kN3k-qn-DHmEMrijb0738rlAXEbQ9bS_-vq6lTYQDvq57__tHUhJI0J4I5Xo5Zfa7VEN6Qir23vahQBOw1Gzkke0pT9oBqT3OISmdZGMcmK7SEc9PpdKRXLezUN39I1sgONugbAqIKpr3tJBy2j4GtURssGNLVydtvcm2Zysp_uT4UKsNzkZyaoLizjwj3ZHiVxUfVGtFpH9XbtZjs3q0zVE7Tu85_dG3A.PbcQARyGiE0KL00iw5VE7Gtg1C0yO7nQVf9gtVpiOQk%26dib_tag%3Dse%26keywords%3Dlaptop%26qid%3D1774760051%26sr%3D8-27-spons%26aref%3D2wLeEr8099%26sp_csd%3Dd2lkZ2V0TmFtZT1zcF9tdGY%26psc%3D1&aref=2wLeEr8099&sp_cr=ZAZ
"Dell 15, Intel Core 3 14th Gen-100U, 16GB DDR4, 512GB SSD, FHD IPS, 15.6""/39.62cm, Windows 11, Microsoft Office Home 2024, Carbon Black, 1.63Kg, Thin & Light, Laptop Model NO - Dell 15 DCU5250","47,074",2026-03-29,https://www.amazon.in/sspa/click?ie=UTF8&spc=MTo1NzAxNDI1MTA2MzUwMDY0OjE3NzQ3NjAwNTE6c3BfbXRmOjMwMDgwNDc1OTM5ODIzMjo6MDo6&url=%2FDell-15-Processor-Graphics-Display%2Fdp%2FB0FDWH5WTL%2Fref%3Dsr_1_28_sspa%3Fdib%3DeyJ2IjoiMSJ9.eCVGeule0kN3k-qn-DHmEMrijb0738rlAXEbQ9bS_-vq6lTYQDvq57__tHUhJI0J4I5Xo5Zfa7VEN6Qir23vahQBOw1Gzkke0pT9oBqT3OISmdZGMcmK7SEc9PpdKRXLezUN39I1sgONugbAqIKpr3tJBy2j4GtURssGNLVydtvcm2Zysp_uT4UKsNzkZyaoLizjwj3ZHiVxUfVGtFpH9XbtZjs3q0zVE7Tu85_dG3A.PbcQARyGiE0KL00iw5VE7Gtg1C0yO7nQVf9gtVpiOQk%26dib_tag%3Dse%26keywords%3Dlaptop%26qid%3D1774760051%26sr%3D8-28-spons%26aref%3D6eEamWjoqX%26sp_csd%3Dd2lkZ2V0TmFtZT1zcF9tdGY%26psc%3D1&aref=6eEamWjoqX&sp_cr=ZAZ
"ASUS Vivobook 14 (2025),13th Gen, Intel Core i3-1315U, 8GB RAM, 512GB SSD, FHD, 14"", (35.5 cm) Windows 11 Home, M365 Basic(1 Year)* Office 2024,Cool Silver,1.4 Kg, X1404VA-EB321WS, Thin & Light Laptop","40,990",2026-03-29,https://www.amazon.in/ASUS-Vivobook-i3-1315U-Windows-X1404VA-EB321WS/dp/B0GBTQ6CK8/ref=sr_1_29?dib=eyJ2IjoiMSJ9.eCVGeule0kN3k-qn-DHmEMrijb0738rlAXEbQ9bS_-vq6lTYQDvq57__tHUhJI0J4I5Xo5Zfa7VEN6Qir23vahQBOw1Gzkke0pT9oBqT3OISmdZGMcmK7SEc9PpdKRXLezUN39I1sgONugbAqIKpr3tJBy2j4GtURssGNLVydtvcm2Zysp_uT4UKsNzkZyaoLizjwj3ZHiVxUfVGtFpH9XbtZjs3q0zVE7Tu85_dG3A.PbcQARyGiE0KL00iw5VE7Gtg1C0yO7nQVf9gtVpiOQk&dib_tag=se&keywords=laptop&qid=1774760051&sr=8-29
"MSI Thin 15, Intel 13th Gen. i5-13420H, 40CM FHD 144Hz Gaming Laptop (16GB/512GB NVMe SSD/Windows 11 Home/NVIDIA GeForce RTX 3050, GDDR6 6GB/Cosmos Gray/1.8Kg) B13UDX-129IN","60,990",2026-03-29,https://www.amazon.in/MSI-i5-13420H-Windows-GeForce-B13UDX-129IN/dp/B0G4SQRY6T/ref=sr_1_30?dib=eyJ2IjoiMSJ9.eCVGeule0kN3k-qn-DHmEMrijb0738rlAXEbQ9bS_-vq6lTYQDvq57__tHUhJI0J4I5Xo5Zfa7VEN6Qir23vahQBOw1Gzkke0pT9oBqT3OISmdZGMcmK7SEc9PpdKRXLezUN39I1sgONugbAqIKpr3tJBy2j4GtURssGNLVydtvcm2Zysp_uT4UKsNzkZyaoLizjwj3ZHiVxUfVGtFpH9XbtZjs3q0zVE7Tu85_dG3A.PbcQARyGiE0KL00iw5VE7Gtg1C0yO7nQVf9gtVpiOQk&dib_tag=se&keywords=laptop&qid=1774760051&sr=8-30
"Lenovo IdeaPad Slim 3, 13th Gen Intel Core i5 13420H, 24GB RAM, 1TB SSD, WUXGA IPS, 15.3""/38.8cm, Windows 11, Office Home 2024, Grey, 1.6Kg, Backlit Keyboard, 1Yr ADP Free, 83K100PLIN, Laptop","68,990",2026-03-29,https://www.amazon.in/Lenovo-IdeaPad-i5-13420H-Keyboard-83K100PLIN/dp/B0FCY7BTCX/ref=sr_1_31?dib=eyJ2IjoiMSJ9.eCVGeule0kN3k-qn-DHmEMrijb0738rlAXEbQ9bS_-vq6lTYQDvq57__tHUhJI0J4I5Xo5Zfa7VEN6Qir23vahQBOw1Gzkke0pT9oBqT3OISmdZGMcmK7SEc9PpdKRXLezUN39I1sgONugbAqIKpr3tJBy2j4GtURssGNLVydtvcm2Zysp_uT4UKsNzkZyaoLizjwj3ZHiVxUfVGtFpH9XbtZjs3q0zVE7Tu85_dG3A.PbcQARyGiE0KL00iw5VE7Gtg1C0yO7nQVf9gtVpiOQk&dib_tag=se&keywords=laptop&qid=1774760051&sr=8-31
"BrowseBook 14.1"" FHD IPS Laptop | Best Student & Office Work Laptop | Celeron N4020 | 8GB RAM | 256GB SSD | Windows 11 | 38Wh | 1.3kg | Grey","16,990",2026-03-29,https://www.amazon.in/Neopticon-BrowseBook-Student-Celeron-Windows/dp/B0FC62TZ15/ref=sr_1_32?dib=eyJ2IjoiMSJ9.eCVGeule0kN3k-qn-DHmEMrijb0738rlAXEbQ9bS_-vq6lTYQDvq57__tHUhJI0J4I5Xo5Zfa7VEN6Qir23vahQBOw1Gzkke0pT9oBqT3OISmdZGMcmK7SEc9PpdKRXLezUN39I1sgONugbAqIKpr3tJBy2j4GtURssGNLVydtvcm2Zysp_uT4UKsNzkZyaoLizjwj3ZHiVxUfVGtFpH9XbtZjs3q0zVE7Tu85_dG3A.PbcQARyGiE0KL00iw5VE7Gtg1C0yO7nQVf9gtVpiOQk&dib_tag=se&keywords=laptop&qid=1774760051&sr=8-32
"Apple 2026 MacBook Neo 13″ Laptop with A18 Pro chip: Built for AI and Apple Intelligence, Liquid Retina Display, 8GB Unified Memory, 256GB SSD Storage, 1080p FaceTime HD Camera; Citrus","66,900",2026-03-29,https://www.amazon.in/Apple-2026-MacBook-Laptop-chip/dp/B0GR68779Y/ref=sr_1_33?dib=eyJ2IjoiMSJ9.eCVGeule0kN3k-qn-DHmEMrijb0738rlAXEbQ9bS_-vq6lTYQDvq57__tHUhJI0J4I5Xo5Zfa7VEN6Qir23vahQBOw1Gzkke0pT9oBqT3OISmdZGMcmK7SEc9PpdKRXLezUN39I1sgONugbAqIKpr3tJBy2j4GtURssGNLVydtvcm2Zysp_uT4UKsNzkZyaoLizjwj3ZHiVxUfVGtFpH9XbtZjs3q0zVE7Tu85_dG3A.PbcQARyGiE0KL00iw5VE7Gtg1C0yO7nQVf9gtVpiOQk&dib_tag=se&keywords=laptop&qid=1774760051&sr=8-33
"HP Smartchoice Victus, AMD Ryzen 7 7445HS, 6GB RTX 3050, 16GB DDR5(Upgradeable) 512GB SSD, FHD, 144Hz, 300 nits, 15.6''/39.6cm, Win 11, M365* Office24, Blue, 2.29kg, fb3134AX/3120ax, Gaming Laptop","72,990",2026-03-29,https://www.amazon.in/HP-Smartchoice-Upgradeable-Office24-fb3134AX/dp/B0FDKPXD95/ref=sr_1_34?dib=eyJ2IjoiMSJ9.eCVGeule0kN3k-qn-DHmEMrijb0738rlAXEbQ9bS_-vq6lTYQDvq57__tHUhJI0J4I5Xo5Zfa7VEN6Qir23vahQBOw1Gzkke0pT9oBqT3OISmdZGMcmK7SEc9PpdKRXLezUN39I1sgONugbAqIKpr3tJBy2j4GtURssGNLVydtvcm2Zysp_uT4UKsNzkZyaoLizjwj3ZHiVxUfVGtFpH9XbtZjs3q0zVE7Tu85_dG3A.PbcQARyGiE0KL00iw5VE7Gtg1C0yO7nQVf9gtVpiOQk&dib_tag=se&keywords=laptop&qid=1774760051&sr=8-34
"ASUS TUF A15 (2025) AMD Ryzen 7 7445HS,Gaming Laptop,RTX 3050-4GB,75W TGP,16GB RAM (Upgradeable Upto 64GB) 1TB SSD,FHD,15.6"",144Hz,48Whrs,M365 Basic (1Year)*,Office 2024,Black,2.3 Kg,FA506NCG-HN251WS","80,990",2026-03-29,https://www.amazon.in/ASUS-7445HS-3050-4GB-Upgradeable-FA506NCG-HN251WS/dp/B09CMGFC1K/ref=sr_1_35?dib=eyJ2IjoiMSJ9.eCVGeule0kN3k-qn-DHmEMrijb0738rlAXEbQ9bS_-vq6lTYQDvq57__tHUhJI0J4I5Xo5Zfa7VEN6Qir23vahQBOw1Gzkke0pT9oBqT3OISmdZGMcmK7SEc9PpdKRXLezUN39I1sgONugbAqIKpr3tJBy2j4GtURssGNLVydtvcm2Zysp_uT4UKsNzkZyaoLizjwj3ZHiVxUfVGtFpH9XbtZjs3q0zVE7Tu85_dG3A.PbcQARyGiE0KL00iw5VE7Gtg1C0yO7nQVf9gtVpiOQk&dib_tag=se&keywords=laptop&qid=1774760051&sr=8-35
"acer Professional 14, AMD Ryzen 7-7730U, 32GB RAM, 1TB SSD, 14"" Full HD, Windows 11 Pro, MSO 21, 1.34KG, Backlite Keyboard, Durable Metal Body, 3 Year Warranty, TL14-42M, Light Laptop","74,990",2026-03-29,https://www.amazon.in/acer-Professional-Backlite-Keyboard-TL14-42M/dp/B0FCBWV8L9/ref=sr_1_36?dib=eyJ2IjoiMSJ9.eCVGeule0kN3k-qn-DHmEMrijb0738rlAXEbQ9bS_-vq6lTYQDvq57__tHUhJI0J4I5Xo5Zfa7VEN6Qir23vahQBOw1Gzkke0pT9oBqT3OISmdZGMcmK7SEc9PpdKRXLezUN39I1sgONugbAqIKpr3tJBy2j4GtURssGNLVydtvcm2Zysp_uT4UKsNzkZyaoLizjwj3ZHiVxUfVGtFpH9XbtZjs3q0zVE7Tu85_dG3A.PbcQARyGiE0KL00iw5VE7Gtg1C0yO7nQVf9gtVpiOQk&dib_tag=se&keywords=laptop&qid=1774760051&sr=8-36
"HP Omnibook 5 OLED (Previously Pavilion), Snapdragon X Processor (16GB LPDDR5x,1TB SSD) 2K OLED,16''/40.6cm, Win11, M365*Office24, Glacier Silver, 1.59kg, fb0001QU, Backlit, Next-Gen AI Laptop","71,990",2026-03-29,https://www.amazon.in/sspa/click?ie=UTF8&spc=MTo1NzAxNDI1MTA2MzUwMDY0OjE3NzQ3NjAwNTE6c3BfYnRmOjMwMDkxMTA2ODQ5NzAzMjo6MDo6&url=%2FHP-Previously-Snapdragon-Processor-fb0001QU%2Fdp%2FB0FRM3G9JF%2Fref%3Dsr_1_37_sspa%3Fdib%3DeyJ2IjoiMSJ9.eCVGeule0kN3k-qn-DHmEMrijb0738rlAXEbQ9bS_-vq6lTYQDvq57__tHUhJI0J4I5Xo5Zfa7VEN6Qir23vahQBOw1Gzkke0pT9oBqT3OISmdZGMcmK7SEc9PpdKRXLezUN39I1sgONugbAqIKpr3tJBy2j4GtURssGNLVydtvcm2Zysp_uT4UKsNzkZyaoLizjwj3ZHiVxUfVGtFpH9XbtZjs3q0zVE7Tu85_dG3A.PbcQARyGiE0KL00iw5VE7Gtg1C0yO7nQVf9gtVpiOQk%26dib_tag%3Dse%26keywords%3Dlaptop%26qid%3D1774760051%26sr%3D8-37-spons%26aref%3DVjGFaLvZgu%26sp_csd%3Dd2lkZ2V0TmFtZT1zcF9idGY%26psc%3D1&aref=VjGFaLvZgu&sp_cr=ZAZ
"Dell 15, AMD Ryzen 7-7730U, 16GB DDR4, 512GB SSD, FHD, 15.6""/39.6cm, Windows 11, Microsoft Office Home 2024, Platinum Silver, 1.63Kg, [Dell 15], 120Hz 250nits, AMD Radeon Graphics,Thin & Light, Laptop","61,395",2026-03-29,https://www.amazon.in/sspa/click?ie=UTF8&spc=MTo1NzAxNDI1MTA2MzUwMDY0OjE3NzQ3NjAwNTE6c3BfYnRmOjMwMDkzNDI0NzQ5MjAzMjo6MDo6&url=%2FDell-15-Platinum-Graphics-Standard%2Fdp%2FB0FDQ2R315%2Fref%3Dsr_1_38_sspa%3Fdib%3DeyJ2IjoiMSJ9.eCVGeule0kN3k-qn-DHmEMrijb0738rlAXEbQ9bS_-vq6lTYQDvq57__tHUhJI0J4I5Xo5Zfa7VEN6Qir23vahQBOw1Gzkke0pT9oBqT3OISmdZGMcmK7SEc9PpdKRXLezUN39I1sgONugbAqIKpr3tJBy2j4GtURssGNLVydtvcm2Zysp_uT4UKsNzkZyaoLizjwj3ZHiVxUfVGtFpH9XbtZjs3q0zVE7Tu85_dG3A.PbcQARyGiE0KL00iw5VE7Gtg1C0yO7nQVf9gtVpiOQk%26dib_tag%3Dse%26keywords%3Dlaptop%26qid%3D1774760051%26sr%3D8-38-spons%26aref%3DydORVLTSpg%26sp_csd%3Dd2lkZ2V0TmFtZT1zcF9idGY%26psc%3D1&aref=ydORVLTSpg&sp_cr=ZAZ
"Dell 15 (Previously Inspiron) Laptop, 14th Gen Intel Core 3 100U Processor, 8GB DDR4, 512 SSD, 15.6"" NT FHD 120Hz IPS AG 250 nit Display, Win 11 + Office H&S 2024, Carbon Black, Thin & Light- 1.63Kg","48,500",2026-03-29,https://www.amazon.in/sspa/click?ie=UTF8&spc=MToxODI0MjYzNTc1MzY1NDcwOjE3NzQ3NjAwNjM6c3BfYXRmX25leHQ6MzAwODQxMzIwNDMyMDMyOjowOjo&url=%2FDell-Previously-Inspiron-Processor-Display%2Fdp%2FB0BQJ68HHC%2Fref%3Dsr_1_33_sspa%3Fdib%3DeyJ2IjoiMSJ9.pnry_rmjU9K40nGr0ToKqtuw_3QITPV1R0ZEoiIutfTGR7wEinrD-jwMa5xm5ea6_R0mtUEGYCL3nlxZIMJ9bW9TrXy3mtPYPRhPT8V_8S6zs2KEn2PnZbMlJElmn6I_d1Wi9DP3tuJ2BIYzYXuhM29B2GNFC3ctQrTT4PzmNMvXQb4jpKY0m2Px3vApsCM28DDiEh9b6ozSQvsL-YYdjURi9zWwxDTXqjHMf2pZ3QQ.plUImhSgLHA7DEvA2hexSI_oCKp9o3-wYCUdBtXyrIY%26dib_tag%3Dse%26keywords%3Dlaptop%26qid%3D1774760063%26sr%3D8-33-spons%26aref%3DDQkCYWuCEn%26sp_csd%3Dd2lkZ2V0TmFtZT1zcF9hdGZfbmV4dA%26psc%3D1&aref=DQkCYWuCEn&sp_cr=ZAZ
"Dell G15, 13th Gen Intel Core i5-13450HX Processor, NVIDIA RTX 3050-6GB, (16GB RAM 1TB SSD) FHD 15.6""/39.62 cm, Orange Backlit Keyboard, Win 11, MS Office'24, Dark Shadow Grey, 2.65Kg Gaming Laptop","78,990",2026-03-29,https://www.amazon.in/sspa/click?ie=UTF8&spc=MToxODI0MjYzNTc1MzY1NDcwOjE3NzQ3NjAwNjM6c3BfYXRmX25leHQ6MzAwODQzMDUxMzg0OTMyOjowOjo&url=%2FDell-Smartchoice-G15-5530-Gaming-i5-13450HX%2Fdp%2FB0CRKXDX83%2Fref%3Dsr_1_34_sspa%3Fdib%3DeyJ2IjoiMSJ9.pnry_rmjU9K40nGr0ToKqtuw_3QITPV1R0ZEoiIutfTGR7wEinrD-jwMa5xm5ea6_R0mtUEGYCL3nlxZIMJ9bW9TrXy3mtPYPRhPT8V_8S6zs2KEn2PnZbMlJElmn6I_d1Wi9DP3tuJ2BIYzYXuhM29B2GNFC3ctQrTT4PzmNMvXQb4jpKY0m2Px3vApsCM28DDiEh9b6ozSQvsL-YYdjURi9zWwxDTXqjHMf2pZ3QQ.plUImhSgLHA7DEvA2hexSI_oCKp9o3-wYCUdBtXyrIY%26dib_tag%3Dse%26keywords%3Dlaptop%26qid%3D1774760063%26sr%3D8-34-spons%26aref%3DQaSJlpyapa%26sp_csd%3Dd2lkZ2V0TmFtZT1zcF9hdGZfbmV4dA%26psc%3D1&aref=QaSJlpyapa&sp_cr=ZAZ
"DELL PRO 15 (2025) AMD Ryzen 5 7520U Quad Core - (8 GB DDR5/512 GB SSD/AMD Radeon 610M Graphics/Windows 11 Home) Thin and Light Business Laptop/Backlit/15.6"" FHD Display/Black/1.5 kg/MSO 2021","40,999",2026-03-29,https://www.amazon.in/DELL-PRO-15-Ryzen-7520U/dp/B0B2KWJHT2/ref=sr_1_35?dib=eyJ2IjoiMSJ9.pnry_rmjU9K40nGr0ToKqtuw_3QITPV1R0ZEoiIutfTGR7wEinrD-jwMa5xm5ea6_R0mtUEGYCL3nlxZIMJ9bW9TrXy3mtPYPRhPT8V_8S6zs2KEn2PnZbMlJElmn6I_d1Wi9DP3tuJ2BIYzYXuhM29B2GNFC3ctQrTT4PzmNMvXQb4jpKY0m2Px3vApsCM28DDiEh9b6ozSQvsL-YYdjURi9zWwxDTXqjHMf2pZ3QQ.plUImhSgLHA7DEvA2hexSI_oCKp9o3-wYCUdBtXyrIY&dib_tag=se&keywords=laptop&qid=1774760063&sr=8-35
"HP Professional 240R G10 Ultra-Light Business Laptop with Intel Core 3-100U, 8GB DDR4 RAM, 512GB SSD, 14″ FHD IPS Display, Copilot Key, Windows 11 Pro & MS Office 2024, Turbo Silver","41,160",2026-03-29,https://www.amazon.in/HP-Professional-Ultra-Light-Business-Display/dp/B0FZJ98WL2/ref=sr_1_36?dib=eyJ2IjoiMSJ9.pnry_rmjU9K40nGr0ToKqtuw_3QITPV1R0ZEoiIutfTGR7wEinrD-jwMa5xm5ea6_R0mtUEGYCL3nlxZIMJ9bW9TrXy3mtPYPRhPT8V_8S6zs2KEn2PnZbMlJElmn6I_d1Wi9DP3tuJ2BIYzYXuhM29B2GNFC3ctQrTT4PzmNMvXQb4jpKY0m2Px3vApsCM28DDiEh9b6ozSQvsL-YYdjURi9zWwxDTXqjHMf2pZ3QQ.plUImhSgLHA7DEvA2hexSI_oCKp9o3-wYCUdBtXyrIY&dib_tag=se&keywords=laptop&qid=1774760063&sr=8-36
"acer Nitro Lite 16,13th Gen, Intel Core i7 13620H Processor,NVIDIA GeForce RTX 3050-6 GB GDDR6,16GB/ 512 GB,16.0""/40.64 cm,165 Hz, Win 11 Home, White, 1.95 kg, NL16-71G, Backlit KB,Gaming Laptop","74,450",2026-03-29,https://www.amazon.in/13620H-Processor-GeForce-NL16-71G-Backlit/dp/B0FF4TTHNM/ref=sr_1_37?dib=eyJ2IjoiMSJ9.pnry_rmjU9K40nGr0ToKqtuw_3QITPV1R0ZEoiIutfTGR7wEinrD-jwMa5xm5ea6_R0mtUEGYCL3nlxZIMJ9bW9TrXy3mtPYPRhPT8V_8S6zs2KEn2PnZbMlJElmn6I_d1Wi9DP3tuJ2BIYzYXuhM29B2GNFC3ctQrTT4PzmNMvXQb4jpKY0m2Px3vApsCM28DDiEh9b6ozSQvsL-YYdjURi9zWwxDTXqjHMf2pZ3QQ.plUImhSgLHA7DEvA2hexSI_oCKp9o3-wYCUdBtXyrIY&dib_tag=se&keywords=laptop&qid=1774760063&sr=8-37
"Lenovo V15 G4 AMD Athlon Silver 7120U Laptop 8GB LPDDR5 Ram, 512 GB SSD PCIe, Windows 11 Lifetime Validity,15.6"" FHD Screen, AMD Radeon 610M, Silver, 1 Year Brand Warranty","37,999",2026-03-29,https://www.amazon.in/Lenovo-V15-Lifetime-Validity-Warranty/dp/B0CL7CMTXS/ref=sr_1_38?dib=eyJ2IjoiMSJ9.pnry_rmjU9K40nGr0ToKqtuw_3QITPV1R0ZEoiIutfTGR7wEinrD-jwMa5xm5ea6_R0mtUEGYCL3nlxZIMJ9bW9TrXy3mtPYPRhPT8V_8S6zs2KEn2PnZbMlJElmn6I_d1Wi9DP3tuJ2BIYzYXuhM29B2GNFC3ctQrTT4PzmNMvXQb4jpKY0m2Px3vApsCM28DDiEh9b6ozSQvsL-YYdjURi9zWwxDTXqjHMf2pZ3QQ.plUImhSgLHA7DEvA2hexSI_oCKp9o3-wYCUdBtXyrIY&dib_tag=se&keywords=laptop&qid=1774760063&sr=8-38
"acer Nitro V 15 Gaming Laptop 15.6"" FHD IPS 165Hz Intel 8-core i5-13420H 16GB RAM 512GB SSD GeForce RTX 5050 GDDR7 DLSS4 (Up to 440 AI Tops) Backlit Thunderbolt WiFi6 Win11 ICP Hub","1,09,990",2026-03-29,https://www.amazon.in/acer-Nitro-15-i5-13420H-Thunderbolt/dp/B0G7GZNKQW/ref=sr_1_39?dib=eyJ2IjoiMSJ9.pnry_rmjU9K40nGr0ToKqtuw_3QITPV1R0ZEoiIutfTGR7wEinrD-jwMa5xm5ea6_R0mtUEGYCL3nlxZIMJ9bW9TrXy3mtPYPRhPT8V_8S6zs2KEn2PnZbMlJElmn6I_d1Wi9DP3tuJ2BIYzYXuhM29B2GNFC3ctQrTT4PzmNMvXQb4jpKY0m2Px3vApsCM28DDiEh9b6ozSQvsL-YYdjURi9zWwxDTXqjHMf2pZ3QQ.plUImhSgLHA7DEvA2hexSI_oCKp9o3-wYCUdBtXyrIY&dib_tag=se&keywords=laptop&qid=1774760063&sr=8-39
"acer Nitro V 15, AMD Ryzen 7-7445HS, NVIDIA GeForce RTX 4050-6 GB, 16GB DDR5, 512GB SSD, FHD IPS, 15.6""/39.62cm, 165Hz, Win 11 Home, Obsidian Black, 2.1KG, ANV15-42, Gaming Laptop","76,990",2026-03-29,https://www.amazon.in/Acer-7-7735HS-Graphics-Windows-ANV15-41/dp/B0DFWRZLK5/ref=sr_1_40?dib=eyJ2IjoiMSJ9.pnry_rmjU9K40nGr0ToKqtuw_3QITPV1R0ZEoiIutfTGR7wEinrD-jwMa5xm5ea6_R0mtUEGYCL3nlxZIMJ9bW9TrXy3mtPYPRhPT8V_8S6zs2KEn2PnZbMlJElmn6I_d1Wi9DP3tuJ2BIYzYXuhM29B2GNFC3ctQrTT4PzmNMvXQb4jpKY0m2Px3vApsCM28DDiEh9b6ozSQvsL-YYdjURi9zWwxDTXqjHMf2pZ3QQ.plUImhSgLHA7DEvA2hexSI_oCKp9o3-wYCUdBtXyrIY&dib_tag=se&keywords=laptop&qid=1774760063&sr=8-40
"Lenovo LOQ AMD Ryzen 5 7235HS | NVIDIA RTX 4050 6GB (16GB RAM/512GB SSD/144Hz Refresh Rate/15.6"" (39.6cm)/Windows 11/Office Home 2024/3 Mon. Game Pass/Grey/2.4Kg), 83JC00NYIN AI Gaming Laptop","79,990",2026-03-29,https://www.amazon.in/Lenovo-7235HS-Refresh-Windows-83JC00NYIN/dp/B0GH6PVYXK/ref=sr_1_41?dib=eyJ2IjoiMSJ9.pnry_rmjU9K40nGr0ToKqtuw_3QITPV1R0ZEoiIutfTGR7wEinrD-jwMa5xm5ea6_R0mtUEGYCL3nlxZIMJ9bW9TrXy3mtPYPRhPT8V_8S6zs2KEn2PnZbMlJElmn6I_d1Wi9DP3tuJ2BIYzYXuhM29B2GNFC3ctQrTT4PzmNMvXQb4jpKY0m2Px3vApsCM28DDiEh9b6ozSQvsL-YYdjURi9zWwxDTXqjHMf2pZ3QQ.plUImhSgLHA7DEvA2hexSI_oCKp9o3-wYCUdBtXyrIY&dib_tag=se&keywords=laptop&qid=1774760063&sr=8-41
"HP 250R G10 Business Laptop 15.6-Inch FHD IPS Display with Intel Core 3-100U Processor, 8GB DDR4 RAM, 512GB NVMe SSD, Intel Graphics, Windows 11, MS Office 2024, Copilot Key, Turbo Silver","40,990",2026-03-29,https://www.amazon.in/HP-Business-15-6-Inch-Processor-Graphics/dp/B0G35BLZV4/ref=sr_1_42?dib=eyJ2IjoiMSJ9.pnry_rmjU9K40nGr0ToKqtuw_3QITPV1R0ZEoiIutfTGR7wEinrD-jwMa5xm5ea6_R0mtUEGYCL3nlxZIMJ9bW9TrXy3mtPYPRhPT8V_8S6zs2KEn2PnZbMlJElmn6I_d1Wi9DP3tuJ2BIYzYXuhM29B2GNFC3ctQrTT4PzmNMvXQb4jpKY0m2Px3vApsCM28DDiEh9b6ozSQvsL-YYdjURi9zWwxDTXqjHMf2pZ3QQ.plUImhSgLHA7DEvA2hexSI_oCKp9o3-wYCUdBtXyrIY&dib_tag=se&keywords=laptop&qid=1774760063&sr=8-42
"Dell 15, 13th Gen Intel Core i5-1334U (16GB DDR4, 512GB SSD) Anti-Glare FHD 15.6""/39.62cm, Windows 11, Microsoft Office Home 2024, Grey, 1.66kg, [Vostro 3530], 12 Month McAfee, Thin & Light Laptop","57,500",2026-03-29,https://www.amazon.in/sspa/click?ie=UTF8&spc=MToxODI0MjYzNTc1MzY1NDcwOjE3NzQ3NjAwNjM6c3BfbXRmOjMwMDc2NDAzNjQxODIzMjo6MDo6&url=%2FDell-i5-1334U-Anti-Glare-Vostro-3530%2Fdp%2FB0D2Y1BLDT%2Fref%3Dsr_1_43_sspa%3Fdib%3DeyJ2IjoiMSJ9.pnry_rmjU9K40nGr0ToKqtuw_3QITPV1R0ZEoiIutfTGR7wEinrD-jwMa5xm5ea6_R0mtUEGYCL3nlxZIMJ9bW9TrXy3mtPYPRhPT8V_8S6zs2KEn2PnZbMlJElmn6I_d1Wi9DP3tuJ2BIYzYXuhM29B2GNFC3ctQrTT4PzmNMvXQb4jpKY0m2Px3vApsCM28DDiEh9b6ozSQvsL-YYdjURi9zWwxDTXqjHMf2pZ3QQ.plUImhSgLHA7DEvA2hexSI_oCKp9o3-wYCUdBtXyrIY%26dib_tag%3Dse%26keywords%3Dlaptop%26qid%3D1774760063%26sr%3D8-43-spons%26aref%3D2wLeEr8099%26sp_csd%3Dd2lkZ2V0TmFtZT1zcF9tdGY%26psc%3D1&aref=2wLeEr8099&sp_cr=ZAZ
"Dell 15, Intel Core 3 14th Gen-100U, 16GB DDR4, 512GB SSD, FHD IPS, 15.6""/39.62cm, Windows 11, Microsoft Office Home 2024, Carbon Black, 1.63Kg, Thin & Light, Laptop Model NO - Dell 15 DCU5250","47,074",2026-03-29,https://www.amazon.in/sspa/click?ie=UTF8&spc=MToxODI0MjYzNTc1MzY1NDcwOjE3NzQ3NjAwNjM6c3BfbXRmOjMwMDgwNDc1OTM5ODIzMjo6MDo6&url=%2FDell-15-Processor-Graphics-Display%2Fdp%2FB0FDWH5WTL%2Fref%3Dsr_1_44_sspa%3Fdib%3DeyJ2IjoiMSJ9.pnry_rmjU9K40nGr0ToKqtuw_3QITPV1R0ZEoiIutfTGR7wEinrD-jwMa5xm5ea6_R0mtUEGYCL3nlxZIMJ9bW9TrXy3mtPYPRhPT8V_8S6zs2KEn2PnZbMlJElmn6I_d1Wi9DP3tuJ2BIYzYXuhM29B2GNFC3ctQrTT4PzmNMvXQb4jpKY0m2Px3vApsCM28DDiEh9b6ozSQvsL-YYdjURi9zWwxDTXqjHMf2pZ3QQ.plUImhSgLHA7DEvA2hexSI_oCKp9o3-wYCUdBtXyrIY%26dib_tag%3Dse%26keywords%3Dlaptop%26qid%3D1774760063%26sr%3D8-44-spons%26aref%3D6eEamWjoqX%26sp_csd%3Dd2lkZ2V0TmFtZT1zcF9tdGY%26psc%3D1&aref=6eEamWjoqX&sp_cr=ZAZ
"ASUS Vivobook 15, (i5 14th Gen) Intel Core 5 120U,Thin & Light Laptop (16GB RAM/512GB SSD/FHD/15.6""/60Hz/Backlit Keyboard/Windows 11/Office 2021/Cool Silver/1.70 kg) X1504VAP-BQ224WS","55,800",2026-03-29,https://www.amazon.in/ASUS-Vivobook-Backlit-Keyboard-X1504VAP-BQ224WS/dp/B0GCDG95J5/ref=sr_1_45?dib=eyJ2IjoiMSJ9.pnry_rmjU9K40nGr0ToKqtuw_3QITPV1R0ZEoiIutfTGR7wEinrD-jwMa5xm5ea6_R0mtUEGYCL3nlxZIMJ9bW9TrXy3mtPYPRhPT8V_8S6zs2KEn2PnZbMlJElmn6I_d1Wi9DP3tuJ2BIYzYXuhM29B2GNFC3ctQrTT4PzmNMvXQb4jpKY0m2Px3vApsCM28DDiEh9b6ozSQvsL-YYdjURi9zWwxDTXqjHMf2pZ3QQ.plUImhSgLHA7DEvA2hexSI_oCKp9o3-wYCUdBtXyrIY&dib_tag=se&keywords=laptop&qid=1774760063&sr=8-45
"acer SmartChoice Aspire Lite, AMD Ryzen 5-5625U Processor, 16 GB/512 GB, Full HD, 15.6""/39.62 cm, Windows 11 Home, Steel Gray, 1.59 kg, AL15-41, Metal Body, Thin and Light Laptop","42,990",2026-03-29,https://www.amazon.in/5-5625U-Premium-Windows-AL15-41-Display/dp/B0DG2GCTD7/ref=sr_1_46?dib=eyJ2IjoiMSJ9.pnry_rmjU9K40nGr0ToKqtuw_3QITPV1R0ZEoiIutfTGR7wEinrD-jwMa5xm5ea6_R0mtUEGYCL3nlxZIMJ9bW9TrXy3mtPYPRhPT8V_8S6zs2KEn2PnZbMlJElmn6I_d1Wi9DP3tuJ2BIYzYXuhM29B2GNFC3ctQrTT4PzmNMvXQb4jpKY0m2Px3vApsCM28DDiEh9b6ozSQvsL-YYdjURi9zWwxDTXqjHMf2pZ3QQ.plUImhSgLHA7DEvA2hexSI_oCKp9o3-wYCUdBtXyrIY&dib_tag=se&keywords=laptop&qid=1774760063&sr=8-46
"MSI Thin A15, AMD 7th Gen. Ryzen 7 7735HS, 40CM FHD 144Hz Gaming Laptop (16GB/1TB NVMe SSD/Windows 11 Home/NVIDIA GeForce RTX 3050, GDDR6 4GB/Cosmos Gray/1.8Kg) B7UC-103IN","63,990",2026-03-29,https://www.amazon.in/MSI-7735HS-Windows-GeForce-B7UC-103IN/dp/B097PM1MBH/ref=sr_1_47?dib=eyJ2IjoiMSJ9.pnry_rmjU9K40nGr0ToKqtuw_3QITPV1R0ZEoiIutfTGR7wEinrD-jwMa5xm5ea6_R0mtUEGYCL3nlxZIMJ9bW9TrXy3mtPYPRhPT8V_8S6zs2KEn2PnZbMlJElmn6I_d1Wi9DP3tuJ2BIYzYXuhM29B2GNFC3ctQrTT4PzmNMvXQb4jpKY0m2Px3vApsCM28DDiEh9b6ozSQvsL-YYdjURi9zWwxDTXqjHMf2pZ3QQ.plUImhSgLHA7DEvA2hexSI_oCKp9o3-wYCUdBtXyrIY&dib_tag=se&keywords=laptop&qid=1774760063&sr=8-47
"HP 15, 13th Gen Intel Core i5-13420H, (16GB DDR4, 512GB SSD), FHD, Anti-Glare, Micro-Edge, 15.6''/39.6cm, Win11, M365 Basic(1yr)* Office24, Silver, 1.65kg, FR0045TU, Camera w/Shutter, Backlit Laptop","62,800",2026-03-29,https://www.amazon.in/HP-i5-13420H-Anti-Glare-Micro-Edge-Office24/dp/B0GD81XSSP/ref=sr_1_48?dib=eyJ2IjoiMSJ9.pnry_rmjU9K40nGr0ToKqtuw_3QITPV1R0ZEoiIutfTGR7wEinrD-jwMa5xm5ea6_R0mtUEGYCL3nlxZIMJ9bW9TrXy3mtPYPRhPT8V_8S6zs2KEn2PnZbMlJElmn6I_d1Wi9DP3tuJ2BIYzYXuhM29B2GNFC3ctQrTT4PzmNMvXQb4jpKY0m2Px3vApsCM28DDiEh9b6ozSQvsL-YYdjURi9zWwxDTXqjHMf2pZ3QQ.plUImhSgLHA7DEvA2hexSI_oCKp9o3-wYCUdBtXyrIY&dib_tag=se&keywords=laptop&qid=1774760063&sr=8-48
Model_ThinkPad L490 | Core i5 8th Gen | 8GB RAM | 256GB SSD | 14-inch Full HD Display Win 10 pro | A+ Condition Laptop (Refab),"21,000",2026-03-29,https://www.amazon.in/Model_ThinkPad-14-inch-Display-Condition-Laptop/dp/B0GRH4CV3K/ref=sr_1_49?dib=eyJ2IjoiMSJ9.pnry_rmjU9K40nGr0ToKqtuw_3QITPV1R0ZEoiIutfTGR7wEinrD-jwMa5xm5ea6_R0mtUEGYCL3nlxZIMJ9bW9TrXy3mtPYPRhPT8V_8S6zs2KEn2PnZbMlJElmn6I_d1Wi9DP3tuJ2BIYzYXuhM29B2GNFC3ctQrTT4PzmNMvXQb4jpKY0m2Px3vApsCM28DDiEh9b6ozSQvsL-YYdjURi9zWwxDTXqjHMf2pZ3QQ.plUImhSgLHA7DEvA2hexSI_oCKp9o3-wYCUdBtXyrIY&dib_tag=se&keywords=laptop&qid=1774760063&sr=8-49
"ASUS Vivobook 15, Smartchoice, AMD Ryzen 7 5825U, 16GB RAM, 512GB SSD, FHD 15.6"", Windows 11, Office Home 2024, Quiet Blue, 1.7Kg, M1502YA-BQ703WS, AMD Radeon iGPU, M365 Basic (1Year)*, 42Whr Laptop","49,990",2026-03-29,https://www.amazon.in/ASUS-Vivobook-Smartchoice-Windows-M1502YA-BQ703WS/dp/B0FC2LKFSC/ref=sr_1_50?dib=eyJ2IjoiMSJ9.pnry_rmjU9K40nGr0ToKqtuw_3QITPV1R0ZEoiIutfTGR7wEinrD-jwMa5xm5ea6_R0mtUEGYCL3nlxZIMJ9bW9TrXy3mtPYPRhPT8V_8S6zs2KEn2PnZbMlJElmn6I_d1Wi9DP3tuJ2BIYzYXuhM29B2GNFC3ctQrTT4PzmNMvXQb4jpKY0m2Px3vApsCM28DDiEh9b6ozSQvsL-YYdjURi9zWwxDTXqjHMf2pZ3QQ.plUImhSgLHA7DEvA2hexSI_oCKp9o3-wYCUdBtXyrIY&dib_tag=se&keywords=laptop&qid=1774760063&sr=8-50
"Lenovo {SmartChoice Chromebook, Intel Celeron N4500, 4GB RAM, 64GB eMMC, HD, 11.6""/29.46cm, Chrome OS, Blue, 1.21Kg, 2Wx2 Stereo Speakers, HD Camera, 82UY0014HA, Laptop","20,990",2026-03-29,https://www.amazon.in/Lenovo-SmartChoice-Chromebook-Speakers-82UY0014HA/dp/B0F2TMZJ24/ref=sr_1_51?dib=eyJ2IjoiMSJ9.pnry_rmjU9K40nGr0ToKqtuw_3QITPV1R0ZEoiIutfTGR7wEinrD-jwMa5xm5ea6_R0mtUEGYCL3nlxZIMJ9bW9TrXy3mtPYPRhPT8V_8S6zs2KEn2PnZbMlJElmn6I_d1Wi9DP3tuJ2BIYzYXuhM29B2GNFC3ctQrTT4PzmNMvXQb4jpKY0m2Px3vApsCM28DDiEh9b6ozSQvsL-YYdjURi9zWwxDTXqjHMf2pZ3QQ.plUImhSgLHA7DEvA2hexSI_oCKp9o3-wYCUdBtXyrIY&dib_tag=se&keywords=laptop&qid=1774760063&sr=8-51
"Dell Inspiron 3530 Thin & Light Laptop, 13th Gen Intel Core i5-1334U Processor, 8GB, 512GB SSD, 15.6"" (39.62cm) FHD Display, Backlit Keyboard, Windows 11 + MSO'24 & 15 Month McAfee, Silver,1.62kg","55,900",2026-03-29,https://www.amazon.in/Dell-Inspiron-i5-1334U-Processor-Keyboard/dp/B0DSFQ6L13/ref=sr_1_52?dib=eyJ2IjoiMSJ9.pnry_rmjU9K40nGr0ToKqtuw_3QITPV1R0ZEoiIutfTGR7wEinrD-jwMa5xm5ea6_R0mtUEGYCL3nlxZIMJ9bW9TrXy3mtPYPRhPT8V_8S6zs2KEn2PnZbMlJElmn6I_d1Wi9DP3tuJ2BIYzYXuhM29B2GNFC3ctQrTT4PzmNMvXQb4jpKY0m2Px3vApsCM28DDiEh9b6ozSQvsL-YYdjURi9zWwxDTXqjHMf2pZ3QQ.plUImhSgLHA7DEvA2hexSI_oCKp9o3-wYCUdBtXyrIY&dib_tag=se&keywords=laptop&qid=1774760063&sr=8-52
"HP Omnibook 5 OLED (Previously Pavilion), Snapdragon X Processor (16GB LPDDR5x,1TB SSD) 2K OLED,16''/40.6cm, Win11, M365*Office24, Glacier Silver, 1.59kg, fb0001QU, Backlit, Next-Gen AI Laptop","71,990",2026-03-29,https://www.amazon.in/sspa/click?ie=UTF8&spc=MToxODI0MjYzNTc1MzY1NDcwOjE3NzQ3NjAwNjM6c3BfYnRmOjMwMDkxMTA2ODQ5NzAzMjo6MDo6&url=%2FHP-Previously-Snapdragon-Processor-fb0001QU%2Fdp%2FB0FRM3G9JF%2Fref%3Dsr_1_53_sspa%3Fdib%3DeyJ2IjoiMSJ9.pnry_rmjU9K40nGr0ToKqtuw_3QITPV1R0ZEoiIutfTGR7wEinrD-jwMa5xm5ea6_R0mtUEGYCL3nlxZIMJ9bW9TrXy3mtPYPRhPT8V_8S6zs2KEn2PnZbMlJElmn6I_d1Wi9DP3tuJ2BIYzYXuhM29B2GNFC3ctQrTT4PzmNMvXQb4jpKY0m2Px3vApsCM28DDiEh9b6ozSQvsL-YYdjURi9zWwxDTXqjHMf2pZ3QQ.plUImhSgLHA7DEvA2hexSI_oCKp9o3-wYCUdBtXyrIY%26dib_tag%3Dse%26keywords%3Dlaptop%26qid%3D1774760063%26sr%3D8-53-spons%26aref%3DVjGFaLvZgu%26sp_csd%3Dd2lkZ2V0TmFtZT1zcF9idGY%26psc%3D1&aref=VjGFaLvZgu&sp_cr=ZAZ
"Lenovo V14 Intel Core i3 13th Gen 14"" FHD (1920x1080) Antiglare 250 Nits Thin and Light Laptop (16GB RAM/512GB SSD/Windows 11 Home/Office Home 2024/Iron Grey/1.43 kg), 83A0A0PCIN","48,990",2026-03-29,https://www.amazon.in/sspa/click?ie=UTF8&spc=MToxODI0MjYzNTc1MzY1NDcwOjE3NzQ3NjAwNjM6c3BfYnRmOjMwMDY5NjkxMDA2MTgzMjo6MDo6&url=%2FLenovo-1920x1080-Antiglare-Windows-83A0A0PCIN%2Fdp%2FB0FNQZ9HWX%2Fref%3Dsr_1_54_sspa%3Fdib%3DeyJ2IjoiMSJ9.pnry_rmjU9K40nGr0ToKqtuw_3QITPV1R0ZEoiIutfTGR7wEinrD-jwMa5xm5ea6_R0mtUEGYCL3nlxZIMJ9bW9TrXy3mtPYPRhPT8V_8S6zs2KEn2PnZbMlJElmn6I_d1Wi9DP3tuJ2BIYzYXuhM29B2GNFC3ctQrTT4PzmNMvXQb4jpKY0m2Px3vApsCM28DDiEh9b6ozSQvsL-YYdjURi9zWwxDTXqjHMf2pZ3QQ.plUImhSgLHA7DEvA2hexSI_oCKp9o3-wYCUdBtXyrIY%26dib_tag%3Dse%26keywords%3Dlaptop%26qid%3D1774760063%26sr%3D8-54-spons%26aref%3DM0zFv9qL7N%26sp_csd%3Dd2lkZ2V0TmFtZT1zcF9idGY%26psc%3D1&aref=M0zFv9qL7N&sp_cr=ZAZ
"Dell 15 (Previously Inspiron) Laptop, 14th Gen Intel Core 3 100U Processor, 8GB DDR4, 512 SSD, 15.6"" NT FHD 120Hz IPS AG 250 nit Display, Win 11 + Office H&S 2024, Carbon Black, Thin & Light- 1.63Kg","48,500",2026-03-29,https://www.amazon.in/sspa/click?ie=UTF8&spc=MTo0ODQ1NjAzNDA3MzgxNzIxOjE3NzQ3NjAwNzY6c3BfYXRmX25leHQ6MzAwODQxMzIwNDMyMDMyOjowOjo&url=%2FDell-Previously-Inspiron-Processor-Display%2Fdp%2FB0BQJ68HHC%2Fref%3Dsr_1_49_sspa%3Fdib%3DeyJ2IjoiMSJ9.Jg_Ji6t8-zKZ70zRrps-e1xevQ5jJoxJkC_7Cgf2RI7vUN9gL7n3Cicx0hR9WbD27SuGXvmV_EOoARLI9R2oSXxw9NzCgDPqFNmNu3jMhtvhWh_pOWFSSHJCIeE1b7WHIBSqJ6g5wNBAjqgx2-yTmOqjvJyk2WnxQalMc_vFwq5P1QKIxP0jzKrVOziigdx7VbNNAETMYTSSfGcQgTolordhWbVpscvwu0SRc4ykn9k.9lyzzYhAEwHgpfpdCDyFTPx22g-KfUPFiQARExyoZcs%26dib_tag%3Dse%26keywords%3Dlaptop%26qid%3D1774760076%26sr%3D8-49-spons%26aref%3DDQkCYWuCEn%26sp_csd%3Dd2lkZ2V0TmFtZT1zcF9hdGZfbmV4dA%26psc%3D1&aref=DQkCYWuCEn&sp_cr=ZAZ
"Dell G15, 13th Gen Intel Core i5-13450HX Processor, NVIDIA RTX 3050-6GB, (16GB RAM 1TB SSD) FHD 15.6""/39.62 cm, Orange Backlit Keyboard, Win 11, MS Office'24, Dark Shadow Grey, 2.65Kg Gaming Laptop","78,990",2026-03-29,https://www.amazon.in/sspa/click?ie=UTF8&spc=MTo0ODQ1NjAzNDA3MzgxNzIxOjE3NzQ3NjAwNzY6c3BfYXRmX25leHQ6MzAwODQzMDUxMzg0OTMyOjowOjo&url=%2FDell-Smartchoice-G15-5530-Gaming-i5-13450HX%2Fdp%2FB0CRKXDX83%2Fref%3Dsr_1_50_sspa%3Fdib%3DeyJ2IjoiMSJ9.Jg_Ji6t8-zKZ70zRrps-e1xevQ5jJoxJkC_7Cgf2RI7vUN9gL7n3Cicx0hR9WbD27SuGXvmV_EOoARLI9R2oSXxw9NzCgDPqFNmNu3jMhtvhWh_pOWFSSHJCIeE1b7WHIBSqJ6g5wNBAjqgx2-yTmOqjvJyk2WnxQalMc_vFwq5P1QKIxP0jzKrVOziigdx7VbNNAETMYTSSfGcQgTolordhWbVpscvwu0SRc4ykn9k.9lyzzYhAEwHgpfpdCDyFTPx22g-KfUPFiQARExyoZcs%26dib_tag%3Dse%26keywords%3Dlaptop%26qid%3D1774760076%26sr%3D8-50-spons%26aref%3DQaSJlpyapa%26sp_csd%3Dd2lkZ2V0TmFtZT1zcF9hdGZfbmV4dA%26psc%3D1&aref=QaSJlpyapa&sp_cr=ZAZ
"AXL VayuBook Laptop 14.1 Inch FHD IPS Display (4GB Ram,128GB SSD) 1920 * 1080 Resolution | HD Gemini Lake N4020 | Windows 11 Home | UHD Graphics 600 (Cloud Silver)","12,990",2026-03-29,https://www.amazon.in/AXL-VayuBook-Display-Resolution-Graphics/dp/B0CK5RCXPG/ref=sr_1_51?dib=eyJ2IjoiMSJ9.Jg_Ji6t8-zKZ70zRrps-e1xevQ5jJoxJkC_7Cgf2RI7vUN9gL7n3Cicx0hR9WbD27SuGXvmV_EOoARLI9R2oSXxw9NzCgDPqFNmNu3jMhtvhWh_pOWFSSHJCIeE1b7WHIBSqJ6g5wNBAjqgx2-yTmOqjvJyk2WnxQalMc_vFwq5P1QKIxP0jzKrVOziigdx7VbNNAETMYTSSfGcQgTolordhWbVpscvwu0SRc4ykn9k.9lyzzYhAEwHgpfpdCDyFTPx22g-KfUPFiQARExyoZcs&dib_tag=se&keywords=laptop&qid=1774760076&sr=8-51
"HP Professional 14 (2025), Intel Core i3 13th Gen 1315U - (8 GB/512 GB SSD/Intel UHD Graphics/Windows 11 Pro) Thin and Light Business Laptop/14.0"" HD Display/Turbo Silver/1.4 Kg/MSO 2021","42,010",2026-03-29,https://www.amazon.in/HP-Professional-14-Intel-1315U/dp/B0FVJJFYY4/ref=sr_1_52?dib=eyJ2IjoiMSJ9.Jg_Ji6t8-zKZ70zRrps-e1xevQ5jJoxJkC_7Cgf2RI7vUN9gL7n3Cicx0hR9WbD27SuGXvmV_EOoARLI9R2oSXxw9NzCgDPqFNmNu3jMhtvhWh_pOWFSSHJCIeE1b7WHIBSqJ6g5wNBAjqgx2-yTmOqjvJyk2WnxQalMc_vFwq5P1QKIxP0jzKrVOziigdx7VbNNAETMYTSSfGcQgTolordhWbVpscvwu0SRc4ykn9k.9lyzzYhAEwHgpfpdCDyFTPx22g-KfUPFiQARExyoZcs&dib_tag=se&keywords=laptop&qid=1774760076&sr=8-52
"HP Professional 14 (2025), Intel Core i3 13th Gen 1315U - (16 GB/512 GB SSD/Intel UHD Graphics/Windows 11 Pro) Thin and Light Business Laptop/14.0"" HD Display/Turbo Silver/1.4 Kg/MSO 2021","46,109",2026-03-29,https://www.amazon.in/HP-Professional-14-Intel-1315U/dp/B0FVK6M3R7/ref=sr_1_53?dib=eyJ2IjoiMSJ9.Jg_Ji6t8-zKZ70zRrps-e1xevQ5jJoxJkC_7Cgf2RI7vUN9gL7n3Cicx0hR9WbD27SuGXvmV_EOoARLI9R2oSXxw9NzCgDPqFNmNu3jMhtvhWh_pOWFSSHJCIeE1b7WHIBSqJ6g5wNBAjqgx2-yTmOqjvJyk2WnxQalMc_vFwq5P1QKIxP0jzKrVOziigdx7VbNNAETMYTSSfGcQgTolordhWbVpscvwu0SRc4ykn9k.9lyzzYhAEwHgpfpdCDyFTPx22g-KfUPFiQARExyoZcs&dib_tag=se&keywords=laptop&qid=1774760076&sr=8-53
"Model 5400 Corporate Laptop | i5 8th Gen | 8GB RAM | 256GB SSD | 14"" FHD | Win 10 | A+ Grade (Refab)","24,995",2026-03-29,https://www.amazon.in/5400-Corporate-i5-8th-Gen/dp/B0GP76QXV8/ref=sr_1_54?dib=eyJ2IjoiMSJ9.Jg_Ji6t8-zKZ70zRrps-e1xevQ5jJoxJkC_7Cgf2RI7vUN9gL7n3Cicx0hR9WbD27SuGXvmV_EOoARLI9R2oSXxw9NzCgDPqFNmNu3jMhtvhWh_pOWFSSHJCIeE1b7WHIBSqJ6g5wNBAjqgx2-yTmOqjvJyk2WnxQalMc_vFwq5P1QKIxP0jzKrVOziigdx7VbNNAETMYTSSfGcQgTolordhWbVpscvwu0SRc4ykn9k.9lyzzYhAEwHgpfpdCDyFTPx22g-KfUPFiQARExyoZcs&dib_tag=se&keywords=laptop&qid=1774760076&sr=8-54
"Dell 15, Intel Core 3 14th Gen-100U, 16GB DDR4, 512GB SSD, FHD IPS, 15.6""/39.62cm, Windows 11, Microsoft Office Home 2024, Carbon Black, 1.63Kg, Thin & Light, Laptop Model NO - Dell 15 DCU5250","47,074",2026-03-29,https://www.amazon.in/Dell-15-Processor-Graphics-Display/dp/B0FDWH5WTL/ref=sr_1_55?dib=eyJ2IjoiMSJ9.Jg_Ji6t8-zKZ70zRrps-e1xevQ5jJoxJkC_7Cgf2RI7vUN9gL7n3Cicx0hR9WbD27SuGXvmV_EOoARLI9R2oSXxw9NzCgDPqFNmNu3jMhtvhWh_pOWFSSHJCIeE1b7WHIBSqJ6g5wNBAjqgx2-yTmOqjvJyk2WnxQalMc_vFwq5P1QKIxP0jzKrVOziigdx7VbNNAETMYTSSfGcQgTolordhWbVpscvwu0SRc4ykn9k.9lyzzYhAEwHgpfpdCDyFTPx22g-KfUPFiQARExyoZcs&dib_tag=se&keywords=laptop&qid=1774760076&sr=8-55
"acer Professional 14[New Launch], AMD Ryzen 7-7730U, 32GB RAM, 1TB SSD, 14"" Full HD Laptop, Windows 11 Pro, MSO21, 1.34KG, Backlite KB, Finger Print, Metal Body, 3 Year Warranty, 12 Mounths Antivrus","73,990",2026-03-29,https://www.amazon.in/acer-Professional-Backlite-Warranty-Antivrus/dp/B0F6WCP56L/ref=sr_1_56?dib=eyJ2IjoiMSJ9.Jg_Ji6t8-zKZ70zRrps-e1xevQ5jJoxJkC_7Cgf2RI7vUN9gL7n3Cicx0hR9WbD27SuGXvmV_EOoARLI9R2oSXxw9NzCgDPqFNmNu3jMhtvhWh_pOWFSSHJCIeE1b7WHIBSqJ6g5wNBAjqgx2-yTmOqjvJyk2WnxQalMc_vFwq5P1QKIxP0jzKrVOziigdx7VbNNAETMYTSSfGcQgTolordhWbVpscvwu0SRc4ykn9k.9lyzzYhAEwHgpfpdCDyFTPx22g-KfUPFiQARExyoZcs&dib_tag=se&keywords=laptop&qid=1774760076&sr=8-56
ULTIMUS APEX Laptop Intel Pentium Quad Core 8 GB DDR3 512 GB SSD Expandable~1TB 14.1 HD IPS Laptop Anti-Glare Ultra Thin Bezel 180° Hinge 3.0x3 USB HDMI SD Card Slot Win 11 Home 1.25KG Silver,"18,990",2026-03-29,https://www.amazon.in/ULTIMUS-Laptop-Celeron-Expandable-1TB-Anti-Glare/dp/B0F5WTFC3D/ref=sr_1_57?dib=eyJ2IjoiMSJ9.Jg_Ji6t8-zKZ70zRrps-e1xevQ5jJoxJkC_7Cgf2RI7vUN9gL7n3Cicx0hR9WbD27SuGXvmV_EOoARLI9R2oSXxw9NzCgDPqFNmNu3jMhtvhWh_pOWFSSHJCIeE1b7WHIBSqJ6g5wNBAjqgx2-yTmOqjvJyk2WnxQalMc_vFwq5P1QKIxP0jzKrVOziigdx7VbNNAETMYTSSfGcQgTolordhWbVpscvwu0SRc4ykn9k.9lyzzYhAEwHgpfpdCDyFTPx22g-KfUPFiQARExyoZcs&dib_tag=se&keywords=laptop&qid=1774760076&sr=8-57
"HP 255R G10 Business Laptop (2026) – AMD Ryzen 3 7335U, 16GB DDR5 RAM, 512GB SSD, 15.6” FHD Display, Windows 11 Pro + MS Office 2024, Copilot Key, Thin & Light, Turbo Silver","43,500",2026-03-29,https://www.amazon.in/HP-255R-G10-Business-Laptop/dp/B0GP1DGCMC/ref=sr_1_58?dib=eyJ2IjoiMSJ9.Jg_Ji6t8-zKZ70zRrps-e1xevQ5jJoxJkC_7Cgf2RI7vUN9gL7n3Cicx0hR9WbD27SuGXvmV_EOoARLI9R2oSXxw9NzCgDPqFNmNu3jMhtvhWh_pOWFSSHJCIeE1b7WHIBSqJ6g5wNBAjqgx2-yTmOqjvJyk2WnxQalMc_vFwq5P1QKIxP0jzKrVOziigdx7VbNNAETMYTSSfGcQgTolordhWbVpscvwu0SRc4ykn9k.9lyzzYhAEwHgpfpdCDyFTPx22g-KfUPFiQARExyoZcs&dib_tag=se&keywords=laptop&qid=1774760076&sr=8-58
"Dell 15, 13th Gen Intel Core i5-1334U (16GB DDR4, 512GB SSD) Anti-Glare FHD 15.6""/39.62cm, Windows 11, Microsoft Office Home 2024, Grey, 1.66kg, [Vostro 3530], 12 Month McAfee, Thin & Light Laptop","57,500",2026-03-29,https://www.amazon.in/sspa/click?ie=UTF8&spc=MTo0ODQ1NjAzNDA3MzgxNzIxOjE3NzQ3NjAwNzY6c3BfbXRmOjMwMDc2NDAzNjQxODIzMjo6MDo6&url=%2FDell-i5-1334U-Anti-Glare-Vostro-3530%2Fdp%2FB0D2Y1BLDT%2Fref%3Dsr_1_59_sspa%3Fdib%3DeyJ2IjoiMSJ9.Jg_Ji6t8-zKZ70zRrps-e1xevQ5jJoxJkC_7Cgf2RI7vUN9gL7n3Cicx0hR9WbD27SuGXvmV_EOoARLI9R2oSXxw9NzCgDPqFNmNu3jMhtvhWh_pOWFSSHJCIeE1b7WHIBSqJ6g5wNBAjqgx2-yTmOqjvJyk2WnxQalMc_vFwq5P1QKIxP0jzKrVOziigdx7VbNNAETMYTSSfGcQgTolordhWbVpscvwu0SRc4ykn9k.9lyzzYhAEwHgpfpdCDyFTPx22g-KfUPFiQARExyoZcs%26dib_tag%3Dse%26keywords%3Dlaptop%26qid%3D1774760076%26sr%3D8-59-spons%26aref%3D2wLeEr8099%26sp_csd%3Dd2lkZ2V0TmFtZT1zcF9tdGY%26psc%3D1&aref=2wLeEr8099&sp_cr=ZAZ
"Lenovo V14 Intel Core i3 13th Gen 14"" FHD (1920x1080) Antiglare 250 Nits Thin and Light Laptop (16GB RAM/512GB SSD/Windows 11 Home/Office Home 2024/Iron Grey/1.43 kg), 83A0A0PCIN","48,990",2026-03-29,https://www.amazon.in/sspa/click?ie=UTF8&spc=MTo0ODQ1NjAzNDA3MzgxNzIxOjE3NzQ3NjAwNzY6c3BfbXRmOjMwMDY5NjkxMDA2MTgzMjo6MDo6&url=%2FLenovo-1920x1080-Antiglare-Windows-83A0A0PCIN%2Fdp%2FB0FNQZ9HWX%2Fref%3Dsr_1_60_sspa%3Fdib%3DeyJ2IjoiMSJ9.Jg_Ji6t8-zKZ70zRrps-e1xevQ5jJoxJkC_7Cgf2RI7vUN9gL7n3Cicx0hR9WbD27SuGXvmV_EOoARLI9R2oSXxw9NzCgDPqFNmNu3jMhtvhWh_pOWFSSHJCIeE1b7WHIBSqJ6g5wNBAjqgx2-yTmOqjvJyk2WnxQalMc_vFwq5P1QKIxP0jzKrVOziigdx7VbNNAETMYTSSfGcQgTolordhWbVpscvwu0SRc4ykn9k.9lyzzYhAEwHgpfpdCDyFTPx22g-KfUPFiQARExyoZcs%26dib_tag%3Dse%26keywords%3Dlaptop%26qid%3D1774760076%26sr%3D8-60-spons%26aref%3DM0zFv9qL7N%26sp_csd%3Dd2lkZ2V0TmFtZT1zcF9tdGY%26psc%3D1&aref=M0zFv9qL7N&sp_cr=ZAZ
"HP 14s Intel Celeron Dual Core N4500 Laptop (8GB/512GB SSD/Win 11) 14.0"" HD Display, MSO 24, Black, 1.46kg, DQ3149TU Thin and Light Business Laptop","35,590",2026-03-29,https://www.amazon.in/HP-Celeron-Display-DQ3149TU-Business/dp/B0FYYBXPPD/ref=sr_1_61?dib=eyJ2IjoiMSJ9.Jg_Ji6t8-zKZ70zRrps-e1xevQ5jJoxJkC_7Cgf2RI7vUN9gL7n3Cicx0hR9WbD27SuGXvmV_EOoARLI9R2oSXxw9NzCgDPqFNmNu3jMhtvhWh_pOWFSSHJCIeE1b7WHIBSqJ6g5wNBAjqgx2-yTmOqjvJyk2WnxQalMc_vFwq5P1QKIxP0jzKrVOziigdx7VbNNAETMYTSSfGcQgTolordhWbVpscvwu0SRc4ykn9k.9lyzzYhAEwHgpfpdCDyFTPx22g-KfUPFiQARExyoZcs&dib_tag=se&keywords=laptop&qid=1774760076&sr=8-61
Thomson 14.1 inch 3k High Resolution Display IN-K14C Intel celeron N5100 Processor (Window 11/8 GB RAM LPDDR4 / 256 GB SSD/ 6000mAH Battery/Numeric Touchpad) Slim and Lightweight Notebook,"20,990",2026-03-29,https://www.amazon.in/Thomson-Resolution-Touchpad-Lightweight-Notebook/dp/B0DYVTLP29/ref=sr_1_62?dib=eyJ2IjoiMSJ9.Jg_Ji6t8-zKZ70zRrps-e1xevQ5jJoxJkC_7Cgf2RI7vUN9gL7n3Cicx0hR9WbD27SuGXvmV_EOoARLI9R2oSXxw9NzCgDPqFNmNu3jMhtvhWh_pOWFSSHJCIeE1b7WHIBSqJ6g5wNBAjqgx2-yTmOqjvJyk2WnxQalMc_vFwq5P1QKIxP0jzKrVOziigdx7VbNNAETMYTSSfGcQgTolordhWbVpscvwu0SRc4ykn9k.9lyzzYhAEwHgpfpdCDyFTPx22g-KfUPFiQARExyoZcs&dib_tag=se&keywords=laptop&qid=1774760076&sr=8-62
"ASUS Vivobook 15, Smartchoice,Intel Core i5 13th Gen 13420H,16GB RAM, 512GB SSD, FHD 15.6"",Windows 11, Office Home 2024, Quiet Blue, 1.70 kg, X1502VA-BQ836WS,Intel UHD iGPU, M365 Basic (1Year)* Laptop","58,990",2026-03-29,https://www.amazon.in/ASUS-Vivobook-i5-13420H-Keyboard-X1502VA-BQ836WS/dp/B0DTYKLHYC/ref=sr_1_63?dib=eyJ2IjoiMSJ9.Jg_Ji6t8-zKZ70zRrps-e1xevQ5jJoxJkC_7Cgf2RI7vUN9gL7n3Cicx0hR9WbD27SuGXvmV_EOoARLI9R2oSXxw9NzCgDPqFNmNu3jMhtvhWh_pOWFSSHJCIeE1b7WHIBSqJ6g5wNBAjqgx2-yTmOqjvJyk2WnxQalMc_vFwq5P1QKIxP0jzKrVOziigdx7VbNNAETMYTSSfGcQgTolordhWbVpscvwu0SRc4ykn9k.9lyzzYhAEwHgpfpdCDyFTPx22g-KfUPFiQARExyoZcs&dib_tag=se&keywords=laptop&qid=1774760076&sr=8-63
"Model 5410 Laptop | i7 10th Gen | 8GB RAM | 256GB SSD | UHD Graphics 620 14"" Screen | Win 10 Pro (Pre-Owned & Tested)","28,995",2026-03-29,https://www.amazon.in/Laptop-Graphics-Screen-Pre-Owned-Tested/dp/B0GSJLD3WD/ref=sr_1_64?dib=eyJ2IjoiMSJ9.Jg_Ji6t8-zKZ70zRrps-e1xevQ5jJoxJkC_7Cgf2RI7vUN9gL7n3Cicx0hR9WbD27SuGXvmV_EOoARLI9R2oSXxw9NzCgDPqFNmNu3jMhtvhWh_pOWFSSHJCIeE1b7WHIBSqJ6g5wNBAjqgx2-yTmOqjvJyk2WnxQalMc_vFwq5P1QKIxP0jzKrVOziigdx7VbNNAETMYTSSfGcQgTolordhWbVpscvwu0SRc4ykn9k.9lyzzYhAEwHgpfpdCDyFTPx22g-KfUPFiQARExyoZcs&dib_tag=se&keywords=laptop&qid=1774760076&sr=8-64
Latitude 5400 Laptop | InteI Core i5 8th Gen | 8GB RAM | 256GB SSD | 14” FHD Display | Win10 | Business Laptop | Seller Warranty | A+ Condition (Refab),"24,995",2026-03-29,https://www.amazon.in/5400-i5-8th-Gen-Condition/dp/B0GS2MGPYQ/ref=sr_1_65?dib=eyJ2IjoiMSJ9.Jg_Ji6t8-zKZ70zRrps-e1xevQ5jJoxJkC_7Cgf2RI7vUN9gL7n3Cicx0hR9WbD27SuGXvmV_EOoARLI9R2oSXxw9NzCgDPqFNmNu3jMhtvhWh_pOWFSSHJCIeE1b7WHIBSqJ6g5wNBAjqgx2-yTmOqjvJyk2WnxQalMc_vFwq5P1QKIxP0jzKrVOziigdx7VbNNAETMYTSSfGcQgTolordhWbVpscvwu0SRc4ykn9k.9lyzzYhAEwHgpfpdCDyFTPx22g-KfUPFiQARExyoZcs&dib_tag=se&keywords=laptop&qid=1774760076&sr=8-65
"Lenovo V15 12th Gen Intel Core i5-1235U 15.6"" FHD Thin and Light Laptop (8GB RAM/512GB SSD/Windows 11 Home/MS Office Home & Student 2021/Iron Grey/1.70 kg), 82TTA07QIH","49,999",2026-03-29,https://www.amazon.in/Lenovo-V15-i5-1235U-Windows-82TTA07QIH/dp/B0DDY2JQLQ/ref=sr_1_66?dib=eyJ2IjoiMSJ9.Jg_Ji6t8-zKZ70zRrps-e1xevQ5jJoxJkC_7Cgf2RI7vUN9gL7n3Cicx0hR9WbD27SuGXvmV_EOoARLI9R2oSXxw9NzCgDPqFNmNu3jMhtvhWh_pOWFSSHJCIeE1b7WHIBSqJ6g5wNBAjqgx2-yTmOqjvJyk2WnxQalMc_vFwq5P1QKIxP0jzKrVOziigdx7VbNNAETMYTSSfGcQgTolordhWbVpscvwu0SRc4ykn9k.9lyzzYhAEwHgpfpdCDyFTPx22g-KfUPFiQARExyoZcs&dib_tag=se&keywords=laptop&qid=1774760076&sr=8-66
"ModeI Latitude 5410 Laptop | InteI Core i5 10th Gen | 8GB DDR4 RAM | 256GB SSD | 14"" Full HD Display | Win 10 Pro | InteI UHD Graphics 620 | Warranty Support | A+ Condition (Refab)","27,990",2026-03-29,https://www.amazon.in/Latitude-5410-Laptop-Graphics-Condition/dp/B0GPWZ1B7Z/ref=sr_1_67?dib=eyJ2IjoiMSJ9.Jg_Ji6t8-zKZ70zRrps-e1xevQ5jJoxJkC_7Cgf2RI7vUN9gL7n3Cicx0hR9WbD27SuGXvmV_EOoARLI9R2oSXxw9NzCgDPqFNmNu3jMhtvhWh_pOWFSSHJCIeE1b7WHIBSqJ6g5wNBAjqgx2-yTmOqjvJyk2WnxQalMc_vFwq5P1QKIxP0jzKrVOziigdx7VbNNAETMYTSSfGcQgTolordhWbVpscvwu0SRc4ykn9k.9lyzzYhAEwHgpfpdCDyFTPx22g-KfUPFiQARExyoZcs&dib_tag=se&keywords=laptop&qid=1774760076&sr=8-67
"HP Laptop Ultra 7-155H, 32GB RAM, 1TB SSD, RTX 500 Ada 4GB, Win 11 Pro, 16"" WUXGA, 5MP+IR Cam, Fingerprint, Backlit Keyboard, Wi-Fi 6E, BT 5.3, 3Y Warranty (A8WN2PT)",N/A,2026-03-29,https://www.amazon.in/HP-Fingerprint-Keyboard-Warranty-A8WN2PT/dp/B0FBGVLDTB/ref=sr_1_68?dib=eyJ2IjoiMSJ9.Jg_Ji6t8-zKZ70zRrps-e1xevQ5jJoxJkC_7Cgf2RI7vUN9gL7n3Cicx0hR9WbD27SuGXvmV_EOoARLI9R2oSXxw9NzCgDPqFNmNu3jMhtvhWh_pOWFSSHJCIeE1b7WHIBSqJ6g5wNBAjqgx2-yTmOqjvJyk2WnxQalMc_vFwq5P1QKIxP0jzKrVOziigdx7VbNNAETMYTSSfGcQgTolordhWbVpscvwu0SRc4ykn9k.9lyzzYhAEwHgpfpdCDyFTPx22g-KfUPFiQARExyoZcs&dib_tag=se&keywords=laptop&qid=1774760076&sr=8-68
"HP Omnibook 5 OLED (Previously Pavilion), Snapdragon X Processor (16GB LPDDR5x,1TB SSD) 2K OLED,16''/40.6cm, Win11, M365*Office24, Glacier Silver, 1.59kg, fb0001QU, Backlit, Next-Gen AI Laptop","71,990",2026-03-29,https://www.amazon.in/sspa/click?ie=UTF8&spc=MTo0ODQ1NjAzNDA3MzgxNzIxOjE3NzQ3NjAwNzY6c3BfYnRmOjMwMDkxMTA2ODQ5NzAzMjo6MDo6&url=%2FHP-Previously-Snapdragon-Processor-fb0001QU%2Fdp%2FB0FRM3G9JF%2Fref%3Dsr_1_69_sspa%3Fdib%3DeyJ2IjoiMSJ9.Jg_Ji6t8-zKZ70zRrps-e1xevQ5jJoxJkC_7Cgf2RI7vUN9gL7n3Cicx0hR9WbD27SuGXvmV_EOoARLI9R2oSXxw9NzCgDPqFNmNu3jMhtvhWh_pOWFSSHJCIeE1b7WHIBSqJ6g5wNBAjqgx2-yTmOqjvJyk2WnxQalMc_vFwq5P1QKIxP0jzKrVOziigdx7VbNNAETMYTSSfGcQgTolordhWbVpscvwu0SRc4ykn9k.9lyzzYhAEwHgpfpdCDyFTPx22g-KfUPFiQARExyoZcs%26dib_tag%3Dse%26keywords%3Dlaptop%26qid%3D1774760076%26sr%3D8-69-spons%26aref%3DVjGFaLvZgu%26sp_csd%3Dd2lkZ2V0TmFtZT1zcF9idGY%26psc%3D1&aref=VjGFaLvZgu&sp_cr=ZAZ
"Dell 15, AMD Ryzen 7-7730U, 16GB DDR4, 512GB SSD, FHD, 15.6""/39.6cm, Windows 11, Microsoft Office Home 2024, Platinum Silver, 1.63Kg, [Dell 15], 120Hz 250nits, AMD Radeon Graphics,Thin & Light, Laptop","61,395",2026-03-29,https://www.amazon.in/sspa/click?ie=UTF8&spc=MTo0ODQ1NjAzNDA3MzgxNzIxOjE3NzQ3NjAwNzY6c3BfYnRmOjMwMDkzNDI0NzQ5MjAzMjo6MDo6&url=%2FDell-15-Platinum-Graphics-Standard%2Fdp%2FB0FDQ2R315%2Fref%3Dsr_1_70_sspa%3Fdib%3DeyJ2IjoiMSJ9.Jg_Ji6t8-zKZ70zRrps-e1xevQ5jJoxJkC_7Cgf2RI7vUN9gL7n3Cicx0hR9WbD27SuGXvmV_EOoARLI9R2oSXxw9NzCgDPqFNmNu3jMhtvhWh_pOWFSSHJCIeE1b7WHIBSqJ6g5wNBAjqgx2-yTmOqjvJyk2WnxQalMc_vFwq5P1QKIxP0jzKrVOziigdx7VbNNAETMYTSSfGcQgTolordhWbVpscvwu0SRc4ykn9k.9lyzzYhAEwHgpfpdCDyFTPx22g-KfUPFiQARExyoZcs%26dib_tag%3Dse%26keywords%3Dlaptop%26qid%3D1774760076%26sr%3D8-70-spons%26aref%3DydORVLTSpg%26sp_csd%3Dd2lkZ2V0TmFtZT1zcF9idGY%26psc%3D1&aref=ydORVLTSpg&sp_cr=ZAZ
"Dell 15 (Previously Inspiron) Laptop, 14th Gen Intel Core 3 100U Processor, 8GB DDR4, 512 SSD, 15.6"" NT FHD 120Hz IPS AG 250 nit Display, Win 11 + Office H&S 2024, Carbon Black, Thin & Light- 1.63Kg","48,500",2026-03-29,https://www.amazon.in/sspa/click?ie=UTF8&spc=MTo0MTgyNzQ4MzEwMDQwNTI1OjE3NzQ3NjAwODg6c3BfYXRmX25leHQ6MzAwODQxMzIwNDMyMDMyOjowOjo&url=%2FDell-Previously-Inspiron-Processor-Display%2Fdp%2FB0BQJ68HHC%2Fref%3Dsr_1_65_sspa%3Fdib%3DeyJ2IjoiMSJ9.kqsc-O6lz6W0OnsjnNyHsrm0sOKb5KwlilE-fwyecHNNke-Z5DdszecwRopVZ2hfPxykyhb-vWeYSsoYA2qgF-Q3IN3XVCkgcm6iCNWQYlRXMebjDXKm_8laCJHBi9qn5BCit_ADyQK8KDotX0BuQTFi-Y4fagSUl-kd8GW6vPNCE6BKZnkh1IRrOa0zNI61SpmUpjr9jMg-U_9puD-WLNR1Pcml4odqAUd8XmnoOFo.-5vWux5moxmchmeCz5rgCoPwsS2Rw_fSHroCTClE0pc%26dib_tag%3Dse%26keywords%3Dlaptop%26qid%3D1774760088%26sr%3D8-65-spons%26aref%3DDQkCYWuCEn%26sp_csd%3Dd2lkZ2V0TmFtZT1zcF9hdGZfbmV4dA%26psc%3D1&aref=DQkCYWuCEn&sp_cr=ZAZ
"Dell G15, 13th Gen Intel Core i5-13450HX Processor, NVIDIA RTX 3050-6GB, (16GB RAM 1TB SSD) FHD 15.6""/39.62 cm, Orange Backlit Keyboard, Win 11, MS Office'24, Dark Shadow Grey, 2.65Kg Gaming Laptop","78,990",2026-03-29,https://www.amazon.in/sspa/click?ie=UTF8&spc=MTo0MTgyNzQ4MzEwMDQwNTI1OjE3NzQ3NjAwODg6c3BfYXRmX25leHQ6MzAwODQzMDUxMzg0OTMyOjowOjo&url=%2FDell-Smartchoice-G15-5530-Gaming-i5-13450HX%2Fdp%2FB0CRKXDX83%2Fref%3Dsr_1_66_sspa%3Fdib%3DeyJ2IjoiMSJ9.kqsc-O6lz6W0OnsjnNyHsrm0sOKb5KwlilE-fwyecHNNke-Z5DdszecwRopVZ2hfPxykyhb-vWeYSsoYA2qgF-Q3IN3XVCkgcm6iCNWQYlRXMebjDXKm_8laCJHBi9qn5BCit_ADyQK8KDotX0BuQTFi-Y4fagSUl-kd8GW6vPNCE6BKZnkh1IRrOa0zNI61SpmUpjr9jMg-U_9puD-WLNR1Pcml4odqAUd8XmnoOFo.-5vWux5moxmchmeCz5rgCoPwsS2Rw_fSHroCTClE0pc%26dib_tag%3Dse%26keywords%3Dlaptop%26qid%3D1774760088%26sr%3D8-66-spons%26aref%3DQaSJlpyapa%26sp_csd%3Dd2lkZ2V0TmFtZT1zcF9hdGZfbmV4dA%26psc%3D1&aref=QaSJlpyapa&sp_cr=ZAZ
"Lenovo IdeaPad Slim 3 13th Gen Core i7-13620H 15.3"" (38.8cm) WUXGA IPS Laptop (24GB RAM/1TB SSD/Win 11/Office 2024/Backlit/1Yr ADP Free/Top Metal Cover & IR Camera/Grey/1.6Kg),83K100TEIN","90,990",2026-03-29,https://www.amazon.in/Lenovo-IdeaPad-i7-13620H-Backlit-83K100TEIN/dp/B0G495PMV8/ref=sr_1_67?dib=eyJ2IjoiMSJ9.kqsc-O6lz6W0OnsjnNyHsrm0sOKb5KwlilE-fwyecHNNke-Z5DdszecwRopVZ2hfPxykyhb-vWeYSsoYA2qgF-Q3IN3XVCkgcm6iCNWQYlRXMebjDXKm_8laCJHBi9qn5BCit_ADyQK8KDotX0BuQTFi-Y4fagSUl-kd8GW6vPNCE6BKZnkh1IRrOa0zNI61SpmUpjr9jMg-U_9puD-WLNR1Pcml4odqAUd8XmnoOFo.-5vWux5moxmchmeCz5rgCoPwsS2Rw_fSHroCTClE0pc&dib_tag=se&keywords=laptop&qid=1774760088&sr=8-67
"Alienware 16 Aurora Gaming Laptop, Intel Core 7 240H, 16GB, 1TB SSD, 16"" (40.64cm) WQXGA 300 Nits, NVIDIA RTX 4050, 6GB GDDR6, Backlit KB, Windows 11+Microsoft Office Home 2024, Indigo, 2.57kg","1,18,500",2026-03-29,https://www.amazon.in/Alienware-40-64cm-Backlit-Windows-Microsoft/dp/B0G8ZBMQ46/ref=sr_1_68?dib=eyJ2IjoiMSJ9.kqsc-O6lz6W0OnsjnNyHsrm0sOKb5KwlilE-fwyecHNNke-Z5DdszecwRopVZ2hfPxykyhb-vWeYSsoYA2qgF-Q3IN3XVCkgcm6iCNWQYlRXMebjDXKm_8laCJHBi9qn5BCit_ADyQK8KDotX0BuQTFi-Y4fagSUl-kd8GW6vPNCE6BKZnkh1IRrOa0zNI61SpmUpjr9jMg-U_9puD-WLNR1Pcml4odqAUd8XmnoOFo.-5vWux5moxmchmeCz5rgCoPwsS2Rw_fSHroCTClE0pc&dib_tag=se&keywords=laptop&qid=1774760088&sr=8-68
"JioBook 11 with Lifetime Office | Android 4G Laptop Mediatek 8788 (JioOS) | Octa-core | 4GB RAM | 64 eMMC Storage | Thin and Light Laptop (11.6 inch, 990 Grams) | Dual Band WiFi + SIM | Blue","10,990",2026-03-29,https://www.amazon.in/JioBook-Octa-Core-LPDDR4-JioOS-Expandable/dp/B0CKX9PY1H/ref=sr_1_69?dib=eyJ2IjoiMSJ9.kqsc-O6lz6W0OnsjnNyHsrm0sOKb5KwlilE-fwyecHNNke-Z5DdszecwRopVZ2hfPxykyhb-vWeYSsoYA2qgF-Q3IN3XVCkgcm6iCNWQYlRXMebjDXKm_8laCJHBi9qn5BCit_ADyQK8KDotX0BuQTFi-Y4fagSUl-kd8GW6vPNCE6BKZnkh1IRrOa0zNI61SpmUpjr9jMg-U_9puD-WLNR1Pcml4odqAUd8XmnoOFo.-5vWux5moxmchmeCz5rgCoPwsS2Rw_fSHroCTClE0pc&dib_tag=se&keywords=laptop&qid=1774760088&sr=8-69
"acer Aspire Lite, AMD Ryzen 7 7730U, Office 2024 + M365 Basic, 16 GB RAM, 512 GB SSD, Full HD IPS,15.6""/39.62 cm, Windows 11 Home, Steel Grey, 1.59 KG, AL15-41, Thin and Light Laptop","49,886",2026-03-29,https://www.amazon.in/Aspire-7-7730U-Windows-Office-AL15-41/dp/B0FCXZ85YX/ref=sr_1_70?dib=eyJ2IjoiMSJ9.kqsc-O6lz6W0OnsjnNyHsrm0sOKb5KwlilE-fwyecHNNke-Z5DdszecwRopVZ2hfPxykyhb-vWeYSsoYA2qgF-Q3IN3XVCkgcm6iCNWQYlRXMebjDXKm_8laCJHBi9qn5BCit_ADyQK8KDotX0BuQTFi-Y4fagSUl-kd8GW6vPNCE6BKZnkh1IRrOa0zNI61SpmUpjr9jMg-U_9puD-WLNR1Pcml4odqAUd8XmnoOFo.-5vWux5moxmchmeCz5rgCoPwsS2Rw_fSHroCTClE0pc&dib_tag=se&keywords=laptop&qid=1774760088&sr=8-70
HP 15 (2025) AMD Ryzen 3 7335U Quad Core Laptop 16GB DDR5 512GB SSD AMD Radeon Graphics Windows 11 Pro MS Office 2024 Copilot Key AI PC 15.6-inch FHD Thin & Light 1.5kg Turbo Silver,"42,900",2026-03-29,https://www.amazon.in/HP-Graphics-Windows-Copilot-15-6-inch/dp/B0G2MM7VH9/ref=sr_1_71?dib=eyJ2IjoiMSJ9.kqsc-O6lz6W0OnsjnNyHsrm0sOKb5KwlilE-fwyecHNNke-Z5DdszecwRopVZ2hfPxykyhb-vWeYSsoYA2qgF-Q3IN3XVCkgcm6iCNWQYlRXMebjDXKm_8laCJHBi9qn5BCit_ADyQK8KDotX0BuQTFi-Y4fagSUl-kd8GW6vPNCE6BKZnkh1IRrOa0zNI61SpmUpjr9jMg-U_9puD-WLNR1Pcml4odqAUd8XmnoOFo.-5vWux5moxmchmeCz5rgCoPwsS2Rw_fSHroCTClE0pc&dib_tag=se&keywords=laptop&qid=1774760088&sr=8-71
"MSI Thin 15, Intel 13th Gen. Core i5-13420H, 40CM FHD 144Hz Gaming Laptop(16GB/512GB NVMe SSD/Windows 11 Home/NVIDIA GeForce RTX 3050,GDDR6 4GB/Cosmos Gray/1.86Kg), B13UC-1805IN","61,777",2026-03-29,https://www.amazon.in/MSI-i5-13420H-Windows-GeForce-B13UC-1805IN/dp/B0CV9J1QSM/ref=sr_1_72?dib=eyJ2IjoiMSJ9.kqsc-O6lz6W0OnsjnNyHsrm0sOKb5KwlilE-fwyecHNNke-Z5DdszecwRopVZ2hfPxykyhb-vWeYSsoYA2qgF-Q3IN3XVCkgcm6iCNWQYlRXMebjDXKm_8laCJHBi9qn5BCit_ADyQK8KDotX0BuQTFi-Y4fagSUl-kd8GW6vPNCE6BKZnkh1IRrOa0zNI61SpmUpjr9jMg-U_9puD-WLNR1Pcml4odqAUd8XmnoOFo.-5vWux5moxmchmeCz5rgCoPwsS2Rw_fSHroCTClE0pc&dib_tag=se&keywords=laptop&qid=1774760088&sr=8-72
"HP Victus, AMD Ryzen 7 7445HS, 4GB RTX 2050, 16GB DDR5(Upgradable) 512GB SSD, FHD, 144Hz, 300 nits, IPS, 15.6''/39.6cm, Win11, M365* Office24, Mica Silver, 2.29kg, fb3123AX, Backlit, Gaming Laptop","64,990",2026-03-29,https://www.amazon.in/HP-Upgradable-Office24-fb3123AX-Backlit/dp/B0G9239R5S/ref=sr_1_73?dib=eyJ2IjoiMSJ9.kqsc-O6lz6W0OnsjnNyHsrm0sOKb5KwlilE-fwyecHNNke-Z5DdszecwRopVZ2hfPxykyhb-vWeYSsoYA2qgF-Q3IN3XVCkgcm6iCNWQYlRXMebjDXKm_8laCJHBi9qn5BCit_ADyQK8KDotX0BuQTFi-Y4fagSUl-kd8GW6vPNCE6BKZnkh1IRrOa0zNI61SpmUpjr9jMg-U_9puD-WLNR1Pcml4odqAUd8XmnoOFo.-5vWux5moxmchmeCz5rgCoPwsS2Rw_fSHroCTClE0pc&dib_tag=se&keywords=laptop&qid=1774760088&sr=8-73
"acer Aspire AMD Ryzen 5-7430U Processor Laptop with 39.62 cm (15.6"") Full HD LED IPS Display (8GB RAM/512 GB SSD/WiFi 6/AMD Graphics/Win11 Home/55Wh) AS15-42, Backlit Keyboard, Pure Silver, 1.79KG","41,990",2026-03-29,https://www.amazon.in/Acer-Processor-Graphics-A325-42-Keyboard/dp/B0DMF7RS93/ref=sr_1_74?dib=eyJ2IjoiMSJ9.kqsc-O6lz6W0OnsjnNyHsrm0sOKb5KwlilE-fwyecHNNke-Z5DdszecwRopVZ2hfPxykyhb-vWeYSsoYA2qgF-Q3IN3XVCkgcm6iCNWQYlRXMebjDXKm_8laCJHBi9qn5BCit_ADyQK8KDotX0BuQTFi-Y4fagSUl-kd8GW6vPNCE6BKZnkh1IRrOa0zNI61SpmUpjr9jMg-U_9puD-WLNR1Pcml4odqAUd8XmnoOFo.-5vWux5moxmchmeCz5rgCoPwsS2Rw_fSHroCTClE0pc&dib_tag=se&keywords=laptop&qid=1774760088&sr=8-74
"Dell 15, 13th Gen Intel Core i5-1334U (16GB DDR4, 512GB SSD) Anti-Glare FHD 15.6""/39.62cm, Windows 11, Microsoft Office Home 2024, Grey, 1.66kg, [Vostro 3530], 12 Month McAfee, Thin & Light Laptop","57,500",2026-03-29,https://www.amazon.in/sspa/click?ie=UTF8&spc=MTo0MTgyNzQ4MzEwMDQwNTI1OjE3NzQ3NjAwODg6c3BfbXRmOjMwMDc2NDAzNjQxODIzMjo6MDo6&url=%2FDell-i5-1334U-Anti-Glare-Vostro-3530%2Fdp%2FB0D2Y1BLDT%2Fref%3Dsr_1_75_sspa%3Fdib%3DeyJ2IjoiMSJ9.kqsc-O6lz6W0OnsjnNyHsrm0sOKb5KwlilE-fwyecHNNke-Z5DdszecwRopVZ2hfPxykyhb-vWeYSsoYA2qgF-Q3IN3XVCkgcm6iCNWQYlRXMebjDXKm_8laCJHBi9qn5BCit_ADyQK8KDotX0BuQTFi-Y4fagSUl-kd8GW6vPNCE6BKZnkh1IRrOa0zNI61SpmUpjr9jMg-U_9puD-WLNR1Pcml4odqAUd8XmnoOFo.-5vWux5moxmchmeCz5rgCoPwsS2Rw_fSHroCTClE0pc%26dib_tag%3Dse%26keywords%3Dlaptop%26qid%3D1774760088%26sr%3D8-75-spons%26aref%3D2wLeEr8099%26sp_csd%3Dd2lkZ2V0TmFtZT1zcF9tdGY%26psc%3D1&aref=2wLeEr8099&sp_cr=ZAZ
"Dell 15, Intel Core 3 14th Gen-100U, 16GB DDR4, 512GB SSD, FHD IPS, 15.6""/39.62cm, Windows 11, Microsoft Office Home 2024, Carbon Black, 1.63Kg, Thin & Light, Laptop Model NO - Dell 15 DCU5250","47,074",2026-03-29,https://www.amazon.in/sspa/click?ie=UTF8&spc=MTo0MTgyNzQ4MzEwMDQwNTI1OjE3NzQ3NjAwODg6c3BfbXRmOjMwMDgwNDc1OTM5ODIzMjo6MDo6&url=%2FDell-15-Processor-Graphics-Display%2Fdp%2FB0FDWH5WTL%2Fref%3Dsr_1_76_sspa%3Fdib%3DeyJ2IjoiMSJ9.kqsc-O6lz6W0OnsjnNyHsrm0sOKb5KwlilE-fwyecHNNke-Z5DdszecwRopVZ2hfPxykyhb-vWeYSsoYA2qgF-Q3IN3XVCkgcm6iCNWQYlRXMebjDXKm_8laCJHBi9qn5BCit_ADyQK8KDotX0BuQTFi-Y4fagSUl-kd8GW6vPNCE6BKZnkh1IRrOa0zNI61SpmUpjr9jMg-U_9puD-WLNR1Pcml4odqAUd8XmnoOFo.-5vWux5moxmchmeCz5rgCoPwsS2Rw_fSHroCTClE0pc%26dib_tag%3Dse%26keywords%3Dlaptop%26qid%3D1774760088%26sr%3D8-76-spons%26aref%3D6eEamWjoqX%26sp_csd%3Dd2lkZ2V0TmFtZT1zcF9tdGY%26psc%3D1&aref=6eEamWjoqX&sp_cr=ZAZ
"Lenovo V14 Intel Core i3 13th Gen 14"" FHD (1920x1080) Antiglare 250 Nits Thin and Light Laptop (16GB RAM/512GB SSD/Windows 11 Home/Office Home 2024/Iron Grey/1.43 kg), 83A0A0PCIN","48,990",2026-03-29,https://www.amazon.in/Lenovo-1920x1080-Antiglare-Windows-83A0A0PCIN/dp/B0FNQZ9HWX/ref=sr_1_77?dib=eyJ2IjoiMSJ9.kqsc-O6lz6W0OnsjnNyHsrm0sOKb5KwlilE-fwyecHNNke-Z5DdszecwRopVZ2hfPxykyhb-vWeYSsoYA2qgF-Q3IN3XVCkgcm6iCNWQYlRXMebjDXKm_8laCJHBi9qn5BCit_ADyQK8KDotX0BuQTFi-Y4fagSUl-kd8GW6vPNCE6BKZnkh1IRrOa0zNI61SpmUpjr9jMg-U_9puD-WLNR1Pcml4odqAUd8XmnoOFo.-5vWux5moxmchmeCz5rgCoPwsS2Rw_fSHroCTClE0pc&dib_tag=se&keywords=laptop&qid=1774760088&sr=8-77
"Lenovo V15 G4 AMD Athlon Silver 7120U Laptop 8GB LPDDR5 Ram, 512 GB SSD PCIe, Windows 11/MS Office,15.6"" FHD Screen, AMD Radeon 610M, Silver, 1 Year Brand Warranty","38,888",2026-03-29,https://www.amazon.in/Lenovo-Athlon-Laptop-Windows-Warranty/dp/B0872G2MPV/ref=sr_1_78?dib=eyJ2IjoiMSJ9.kqsc-O6lz6W0OnsjnNyHsrm0sOKb5KwlilE-fwyecHNNke-Z5DdszecwRopVZ2hfPxykyhb-vWeYSsoYA2qgF-Q3IN3XVCkgcm6iCNWQYlRXMebjDXKm_8laCJHBi9qn5BCit_ADyQK8KDotX0BuQTFi-Y4fagSUl-kd8GW6vPNCE6BKZnkh1IRrOa0zNI61SpmUpjr9jMg-U_9puD-WLNR1Pcml4odqAUd8XmnoOFo.-5vWux5moxmchmeCz5rgCoPwsS2Rw_fSHroCTClE0pc&dib_tag=se&keywords=laptop&qid=1774760088&sr=8-78
"Apple 2025 MacBook Pro Laptop with M5 chip, 10‑core CPU and 10‑core GPU: Built for Apple Intelligence, 35.97 cm (14.2″) Liquid Retina XDR Display, 24GB Unified Memory, 1TB SSD Storage; Silver","2,02,990",2026-03-29,https://www.amazon.in/Apple-2025-MacBook-Laptop-10%E2%80%91core/dp/B0FWD8F8TN/ref=sr_1_79?dib=eyJ2IjoiMSJ9.kqsc-O6lz6W0OnsjnNyHsrm0sOKb5KwlilE-fwyecHNNke-Z5DdszecwRopVZ2hfPxykyhb-vWeYSsoYA2qgF-Q3IN3XVCkgcm6iCNWQYlRXMebjDXKm_8laCJHBi9qn5BCit_ADyQK8KDotX0BuQTFi-Y4fagSUl-kd8GW6vPNCE6BKZnkh1IRrOa0zNI61SpmUpjr9jMg-U_9puD-WLNR1Pcml4odqAUd8XmnoOFo.-5vWux5moxmchmeCz5rgCoPwsS2Rw_fSHroCTClE0pc&dib_tag=se&keywords=laptop&qid=1774760088&sr=8-79
"HP Professional 240R G10 Ultra-Light Business Laptop with Intel Core 3-100U, 16GB DDR4 RAM, 512GB SSD, 14″ FHD IPS Display, Copilot Key, Windows 11 Pro & MS Office 2024","45,999",2026-03-29,https://www.amazon.in/HP-Professional-Ultra-Light-Business-Display/dp/B0G4H6Q6CC/ref=sr_1_80?dib=eyJ2IjoiMSJ9.kqsc-O6lz6W0OnsjnNyHsrm0sOKb5KwlilE-fwyecHNNke-Z5DdszecwRopVZ2hfPxykyhb-vWeYSsoYA2qgF-Q3IN3XVCkgcm6iCNWQYlRXMebjDXKm_8laCJHBi9qn5BCit_ADyQK8KDotX0BuQTFi-Y4fagSUl-kd8GW6vPNCE6BKZnkh1IRrOa0zNI61SpmUpjr9jMg-U_9puD-WLNR1Pcml4odqAUd8XmnoOFo.-5vWux5moxmchmeCz5rgCoPwsS2Rw_fSHroCTClE0pc&dib_tag=se&keywords=laptop&qid=1774760088&sr=8-80
"HP Omen, Intel Core i7-14650HX 14th Gen, 8GB RTX 5050, 24GB DDR5(Upgradeable) 1TB SSD, 165Hz, 2k WUXGA, 3ms, 400 nits, 16''/40.6cm, Win11, M365* Office24, Black, 2.43kg, am0241TX, RGB Gaming Laptop","1,32,990",2026-03-29,https://www.amazon.in/HP-i7-14650HX-Upgradeable-Office24-am0241TX/dp/B0FDKRKC92/ref=sr_1_81?dib=eyJ2IjoiMSJ9.kqsc-O6lz6W0OnsjnNyHsrm0sOKb5KwlilE-fwyecHNNke-Z5DdszecwRopVZ2hfPxykyhb-vWeYSsoYA2qgF-Q3IN3XVCkgcm6iCNWQYlRXMebjDXKm_8laCJHBi9qn5BCit_ADyQK8KDotX0BuQTFi-Y4fagSUl-kd8GW6vPNCE6BKZnkh1IRrOa0zNI61SpmUpjr9jMg-U_9puD-WLNR1Pcml4odqAUd8XmnoOFo.-5vWux5moxmchmeCz5rgCoPwsS2Rw_fSHroCTClE0pc&dib_tag=se&keywords=laptop&qid=1774760088&sr=8-81
"Lenovo IdeaPad 5 2-in-1 AMD Ryzen AI 7 350 (24GB RAM/1TB SSD/14 (35.5cm)/WUXGA OLED/Windows 11/Lenovo AI Now/Copilot+PC/Office Home 2024/Digital Pen 2/Grey/1.5Kg), 83KT000LIN Convertible Laptop","99,990",2026-03-29,https://www.amazon.in/Lenovo-IdeaPad-Windows-83KT000LIN-Convertible/dp/B0FDKH95BB/ref=sr_1_82?dib=eyJ2IjoiMSJ9.kqsc-O6lz6W0OnsjnNyHsrm0sOKb5KwlilE-fwyecHNNke-Z5DdszecwRopVZ2hfPxykyhb-vWeYSsoYA2qgF-Q3IN3XVCkgcm6iCNWQYlRXMebjDXKm_8laCJHBi9qn5BCit_ADyQK8KDotX0BuQTFi-Y4fagSUl-kd8GW6vPNCE6BKZnkh1IRrOa0zNI61SpmUpjr9jMg-U_9puD-WLNR1Pcml4odqAUd8XmnoOFo.-5vWux5moxmchmeCz5rgCoPwsS2Rw_fSHroCTClE0pc&dib_tag=se&keywords=laptop&qid=1774760088&sr=8-82
"ASUS Gaming V16 (2025) 14th Gen,Intel Core 5 210H Gaming Laptop (RTX 4050-6GB/16GB RAM/512GB SSD/Windows 11 Home/16/144Hz/M365*/Office Home 2024,Matte Black,1.95 Kg),V3607VU-RP550WS","86,041",2026-03-29,https://www.amazon.in/ASUS-Gaming-4050-6GB-Windows-V3607VU-RP550WS/dp/B0F5N2ZK2S/ref=sr_1_83?dib=eyJ2IjoiMSJ9.kqsc-O6lz6W0OnsjnNyHsrm0sOKb5KwlilE-fwyecHNNke-Z5DdszecwRopVZ2hfPxykyhb-vWeYSsoYA2qgF-Q3IN3XVCkgcm6iCNWQYlRXMebjDXKm_8laCJHBi9qn5BCit_ADyQK8KDotX0BuQTFi-Y4fagSUl-kd8GW6vPNCE6BKZnkh1IRrOa0zNI61SpmUpjr9jMg-U_9puD-WLNR1Pcml4odqAUd8XmnoOFo.-5vWux5moxmchmeCz5rgCoPwsS2Rw_fSHroCTClE0pc&dib_tag=se&keywords=laptop&qid=1774760088&sr=8-83
"HP Omen, Intel Core Ultra 9 285H, 8GB RTX 5070, 32GB DDR5, 1TB SSD, 165Hz, 2k WUXGA, 3ms, 400 nits, 16''/40.6cm, Win11, M365* Office24, Black, 2.42kg, an0012TX, Unleashed Mode, RGB, AI Gaming Laptop","1,87,490",2026-03-29,https://www.amazon.in/HP-40-6cm-Office24-an0012TX-Unleashed/dp/B0FMFMQZFX/ref=sr_1_84?dib=eyJ2IjoiMSJ9.kqsc-O6lz6W0OnsjnNyHsrm0sOKb5KwlilE-fwyecHNNke-Z5DdszecwRopVZ2hfPxykyhb-vWeYSsoYA2qgF-Q3IN3XVCkgcm6iCNWQYlRXMebjDXKm_8laCJHBi9qn5BCit_ADyQK8KDotX0BuQTFi-Y4fagSUl-kd8GW6vPNCE6BKZnkh1IRrOa0zNI61SpmUpjr9jMg-U_9puD-WLNR1Pcml4odqAUd8XmnoOFo.-5vWux5moxmchmeCz5rgCoPwsS2Rw_fSHroCTClE0pc&dib_tag=se&keywords=laptop&qid=1774760088&sr=8-84
"HP Omnibook 5 OLED (Previously Pavilion), Snapdragon X Processor (16GB LPDDR5x,1TB SSD) 2K OLED,16''/40.6cm, Win11, M365*Office24, Glacier Silver, 1.59kg, fb0001QU, Backlit, Next-Gen AI Laptop","71,990",2026-03-29,https://www.amazon.in/sspa/click?ie=UTF8&spc=MTo0MTgyNzQ4MzEwMDQwNTI1OjE3NzQ3NjAwODg6c3BfYnRmOjMwMDkxMTA2ODQ5NzAzMjo6MDo6&url=%2FHP-Previously-Snapdragon-Processor-fb0001QU%2Fdp%2FB0FRM3G9JF%2Fref%3Dsr_1_85_sspa%3Fdib%3DeyJ2IjoiMSJ9.kqsc-O6lz6W0OnsjnNyHsrm0sOKb5KwlilE-fwyecHNNke-Z5DdszecwRopVZ2hfPxykyhb-vWeYSsoYA2qgF-Q3IN3XVCkgcm6iCNWQYlRXMebjDXKm_8laCJHBi9qn5BCit_ADyQK8KDotX0BuQTFi-Y4fagSUl-kd8GW6vPNCE6BKZnkh1IRrOa0zNI61SpmUpjr9jMg-U_9puD-WLNR1Pcml4odqAUd8XmnoOFo.-5vWux5moxmchmeCz5rgCoPwsS2Rw_fSHroCTClE0pc%26dib_tag%3Dse%26keywords%3Dlaptop%26qid%3D1774760088%26sr%3D8-85-spons%26aref%3DVjGFaLvZgu%26sp_csd%3Dd2lkZ2V0TmFtZT1zcF9idGY%26psc%3D1&aref=VjGFaLvZgu&sp_cr=ZAZ
"Lenovo V14 Intel Core i3 13th Gen 14"" FHD (1920x1080) Antiglare 250 Nits Thin and Light Laptop (16GB RAM/512GB SSD/Windows 11 Home/Office Home 2024/Iron Grey/1.43 kg), 83A0A0PCIN","48,990",2026-03-29,https://www.amazon.in/sspa/click?ie=UTF8&spc=MTo0MTgyNzQ4MzEwMDQwNTI1OjE3NzQ3NjAwODg6c3BfYnRmOjMwMDY5NjkxMDA2MTgzMjo6MDo6&url=%2FLenovo-1920x1080-Antiglare-Windows-83A0A0PCIN%2Fdp%2FB0FNQZ9HWX%2Fref%3Dsr_1_86_sspa%3Fdib%3DeyJ2IjoiMSJ9.kqsc-O6lz6W0OnsjnNyHsrm0sOKb5KwlilE-fwyecHNNke-Z5DdszecwRopVZ2hfPxykyhb-vWeYSsoYA2qgF-Q3IN3XVCkgcm6iCNWQYlRXMebjDXKm_8laCJHBi9qn5BCit_ADyQK8KDotX0BuQTFi-Y4fagSUl-kd8GW6vPNCE6BKZnkh1IRrOa0zNI61SpmUpjr9jMg-U_9puD-WLNR1Pcml4odqAUd8XmnoOFo.-5vWux5moxmchmeCz5rgCoPwsS2Rw_fSHroCTClE0pc%26dib_tag%3Dse%26keywords%3Dlaptop%26qid%3D1774760088%26sr%3D8-86-spons%26aref%3DM0zFv9qL7N%26sp_csd%3Dd2lkZ2V0TmFtZT1zcF9idGY%26psc%3D1&aref=M0zFv9qL7N&sp_cr=ZAZ
